v 85.25656709202518 26.2791763923612 -40.12910202718623
v 85.25656709202518 31.06545238198884 -40.12910202718623
v 90.0428430816528 31.06545238198884 -40.12910202718623
v 90.0428430816528 26.2791763923612 -40.12910202718623
v 85.25656709202518 26.2791763923612 -35.34282603755859
v 90.0428430816528 26.2791763923612 -35.34282603755859
v 90.0428430816528 31.06545238198884 -35.34282603755859
v 85.25656709202518 31.06545238198884 -35.34282603755859
v 16.163333950562475 -7.647199499869388 14.879101158786938
v 16.163333950562475 -3.181890378214617 14.879101158786938
v 20.628643072217244 -3.181890378214617 14.879101158786938
v 20.628643072217244 -7.647199499869388 14.879101158786938
v 16.163333950562475 -7.647199499869388 19.344410280441707
v 20.628643072217244 -7.647199499869388 19.344410280441707
v 20.628643072217244 -3.181890378214617 19.344410280441707
v 16.163333950562475 -3.181890378214617 19.344410280441707
v -6.351940792591288 -55.510762152655786 16.510159050168504
v -6.351940792591288 -47.255762956761984 16.510159050168504
v 1.9030584033025182 -47.255762956761984 16.510159050168504
v 1.9030584033025182 -55.510762152655786 16.510159050168504
v -6.351940792591288 -55.510762152655786 24.765158246062306
v 1.9030584033025182 -55.510762152655786 24.765158246062306
v 1.9030584033025182 -47.255762956761984 24.765158246062306
v -6.351940792591288 -47.255762956761984 24.765158246062306
v 64.17142365613441 62.23734789669452 7.88863690601654
v 64.17142365613441 64.66641109508566 7.88863690601654
v 66.60048685452554 64.66641109508566 7.88863690601654
v 66.60048685452554 62.23734789669452 7.88863690601654
v 64.17142365613441 62.23734789669452 10.317700104407681
v 66.60048685452554 62.23734789669452 10.317700104407681
v 66.60048685452554 64.66641109508566 10.317700104407681
v 64.17142365613441 64.66641109508566 10.317700104407681
v -65.38891307992581 -57.723972392822574 43.47979031396004
v -65.38891307992581 -47.85567763765722 43.47979031396004
v -55.52061832476046 -47.85567763765722 43.47979031396004
v -55.52061832476046 -57.723972392822574 43.47979031396004
v -65.38891307992581 -57.723972392822574 53.34808506912539
v -55.52061832476046 -57.723972392822574 53.34808506912539
v -55.52061832476046 -47.85567763765722 53.34808506912539
v -65.38891307992581 -47.85567763765722 53.34808506912539
v -74.18859827956489 85.7156308869791 -65.19672020578189
v -74.18859827956489 89.74909424105626 -65.19672020578189
v -70.15513492548773 89.74909424105626 -65.19672020578189
v -70.15513492548773 85.7156308869791 -65.19672020578189
v -74.18859827956489 85.7156308869791 -61.163256851704745
v -70.15513492548773 85.7156308869791 -61.163256851704745
v -70.15513492548773 89.74909424105626 -61.163256851704745
v -74.18859827956489 89.74909424105626 -61.163256851704745
v -3.1859008217599505 24.539821918724748 21.392016580590273
v -3.1859008217599505 26.719195543151933 21.392016580590273
v -1.0065271973327659 26.719195543151933 21.392016580590273
v -1.0065271973327659 24.539821918724748 21.392016580590273
v -3.1859008217599505 24.539821918724748 23.571390205017458
v -1.0065271973327659 24.539821918724748 23.571390205017458
v -1.0065271973327659 26.719195543151933 23.571390205017458
v -3.1859008217599505 26.719195543151933 23.571390205017458
v -34.784500131660266 72.63028131933966 43.43594911020308
v -34.784500131660266 80.40207837377123 43.43594911020308
v -27.012703077228693 80.40207837377123 43.43594911020308
v -27.012703077228693 72.63028131933966 43.43594911020308
v -34.784500131660266 72.63028131933966 51.207746164634656
v -27.012703077228693 72.63028131933966 51.207746164634656
v -27.012703077228693 80.40207837377123 51.207746164634656
v -34.784500131660266 80.40207837377123 51.207746164634656
v -92.98715592237653 38.53036968907339 -8.536402355376245
v -92.98715592237653 42.10602150057968 -8.536402355376245
v -89.41150411087025 42.10602150057968 -8.536402355376245
v -89.41150411087025 38.53036968907339 -8.536402355376245
v -92.98715592237653 38.53036968907339 -4.960750543869959
v -89.41150411087025 38.53036968907339 -4.960750543869959
v -89.41150411087025 42.10602150057968 -4.960750543869959
v -92.98715592237653 42.10602150057968 -4.960750543869959
v -92.16695631669369 -37.32270656267033 37.34146723384077
v -92.16695631669369 -30.232057773321923 37.34146723384077
v -85.07630752734529 -30.232057773321923 37.34146723384077
v -85.07630752734529 -37.32270656267033 37.34146723384077
v -92.16695631669369 -37.32270656267033 44.432116023189174
v -85.07630752734529 -37.32270656267033 44.432116023189174
v -85.07630752734529 -30.232057773321923 44.432116023189174
v -92.16695631669369 -30.232057773321923 44.432116023189174
v -7.4523320605810515 53.999863875061415 -3.348505022555381
v -7.4523320605810515 57.157380898854846 -3.348505022555381
v -4.294815036787616 57.157380898854846 -3.348505022555381
v -4.294815036787616 53.999863875061415 -3.348505022555381
v -7.4523320605810515 53.999863875061415 -0.19098799876194583
v -4.294815036787616 53.999863875061415 -0.19098799876194583
v -4.294815036787616 57.157380898854846 -0.19098799876194583
v -7.4523320605810515 57.157380898854846 -0.19098799876194583
v 15.589897433813457 -44.66687806093699 93.95925594349565
v 15.589897433813457 -41.19266331861855 93.95925594349565
v 19.064112176131893 -41.19266331861855 93.95925594349565
v 19.064112176131893 -44.66687806093699 93.95925594349565
v 15.589897433813457 -44.66687806093699 97.43347068581407
v 19.064112176131893 -44.66687806093699 97.43347068581407
v 19.064112176131893 -41.19266331861855 97.43347068581407
v 15.589897433813457 -41.19266331861855 97.43347068581407
v 51.88495774410127 -54.68353949292194 30.89180377255202
v 51.88495774410127 -46.950409980938616 30.89180377255202
v 59.61808725608459 -46.950409980938616 30.89180377255202
v 59.61808725608459 -54.68353949292194 30.89180377255202
v 51.88495774410127 -54.68353949292194 38.624933284535345
v 59.61808725608459 -54.68353949292194 38.624933284535345
v 59.61808725608459 -46.950409980938616 38.624933284535345
v 51.88495774410127 -46.950409980938616 38.624933284535345
v 28.158860954412567 -30.386881939880148 34.19618275783949
v 28.158860954412567 -27.603136597408756 34.19618275783949
v 30.94260629688396 -27.603136597408756 34.19618275783949
v 30.94260629688396 -30.386881939880148 34.19618275783949
v 28.158860954412567 -30.386881939880148 36.97992810031088
v 30.94260629688396 -30.386881939880148 36.97992810031088
v 30.94260629688396 -27.603136597408756 36.97992810031088
v 28.158860954412567 -27.603136597408756 36.97992810031088
v 72.91279218166 -35.9731402159558 -16.812543671329145
v 72.91279218166 -28.087923108226867 -16.812543671329145
v 80.79800928938892 -28.087923108226867 -16.812543671329145
v 80.79800928938892 -35.9731402159558 -16.812543671329145
v 72.91279218166 -35.9731402159558 -8.92732656360021
v 80.79800928938892 -35.9731402159558 -8.92732656360021
v 80.79800928938892 -28.087923108226867 -8.92732656360021
v 72.91279218166 -28.087923108226867 -8.92732656360021
v -78.39903913943867 -19.48177328872962 9.29600014659173
v -78.39903913943867 -11.5494969835459 9.29600014659173
v -70.46676283425494 -11.5494969835459 9.29600014659173
v -70.46676283425494 -19.48177328872962 9.29600014659173
v -78.39903913943867 -19.48177328872962 17.22827645177545
v -70.46676283425494 -19.48177328872962 17.22827645177545
v -70.46676283425494 -11.5494969835459 17.22827645177545
v -78.39903913943867 -11.5494969835459 17.22827645177545
v 25.799174395439888 -9.500421560651834 -5.941125330637223
v 25.799174395439888 0.40635766542053187 -5.941125330637223
v 35.70595362151225 0.40635766542053187 -5.941125330637223
v 35.70595362151225 -9.500421560651834 -5.941125330637223
v 25.799174395439888 -9.500421560651834 3.9656538954351417
v 35.70595362151225 -9.500421560651834 3.9656538954351417
v 35.70595362151225 0.40635766542053187 3.9656538954351417
v 25.799174395439888 0.40635766542053187 3.9656538954351417
v 66.72216347812831 9.711615783677807 -88.7990545510643
v 66.72216347812831 12.000828046028552 -88.7990545510643
v 69.01137574047904 12.000828046028552 -88.7990545510643
v 69.01137574047904 9.711615783677807 -88.7990545510643
v 66.72216347812831 9.711615783677807 -86.50984228871357
v 69.01137574047904 9.711615783677807 -86.50984228871357
v 69.01137574047904 12.000828046028552 -86.50984228871357
v 66.72216347812831 12.000828046028552 -86.50984228871357
v 4.008770528985625 -63.02306393852306 -27.550160110850964
v 4.008770528985625 -59.391277093355306 -27.550160110850964
v 7.640557374153385 -59.391277093355306 -27.550160110850964
v 7.640557374153385 -63.02306393852306 -27.550160110850964
v 4.008770528985625 -63.02306393852306 -23.918373265683204
v 7.640557374153385 -63.02306393852306 -23.918373265683204
v 7.640557374153385 -59.391277093355306 -23.918373265683204
v 4.008770528985625 -59.391277093355306 -23.918373265683204
v -38.80032583425157 14.368072786998416 55.40873858702965
v -38.80032583425157 16.02448962586562 55.40873858702965
v -37.143908995384365 16.02448962586562 55.40873858702965
v -37.143908995384365 14.368072786998416 55.40873858702965
v -38.80032583425157 14.368072786998416 57.065155425896855
v -37.143908995384365 14.368072786998416 57.065155425896855
v -37.143908995384365 16.02448962586562 57.065155425896855
v -38.80032583425157 16.02448962586562 57.065155425896855
v -48.81008552048608 82.84112684392703 33.95834589251287
v -48.81008552048608 84.69530489631485 33.95834589251287
v -46.95590746809826 84.69530489631485 33.95834589251287
v -46.95590746809826 82.84112684392703 33.95834589251287
v -48.81008552048608 82.84112684392703 35.81252394490069
v -46.95590746809826 82.84112684392703 35.81252394490069
v -46.95590746809826 84.69530489631485 35.81252394490069
v -48.81008552048608 84.69530489631485 35.81252394490069
v -92.76594503008353 -38.87821924556296 -101.31935101859797
v -92.76594503008353 -35.435860010477384 -101.31935101859797
v -89.32358579499795 -35.435860010477384 -101.31935101859797
v -89.32358579499795 -38.87821924556296 -101.31935101859797
v -92.76594503008353 -38.87821924556296 -97.8769917835124
v -89.32358579499795 -38.87821924556296 -97.8769917835124
v -89.32358579499795 -35.435860010477384 -97.8769917835124
v -92.76594503008353 -35.435860010477384 -97.8769917835124
v -85.30198513506964 -7.27498197294069 -56.8557702054439
v -85.30198513506964 -1.6118199135693096 -56.8557702054439
v -79.63882307569826 -1.6118199135693096 -56.8557702054439
v -79.63882307569826 -7.27498197294069 -56.8557702054439
v -85.30198513506964 -7.27498197294069 -51.19260814607253
v -79.63882307569826 -7.27498197294069 -51.19260814607253
v -79.63882307569826 -1.6118199135693096 -51.19260814607253
v -85.30198513506964 -1.6118199135693096 -51.19260814607253
v 43.78954074752403 -74.82636790171223 21.458146684261916
v 43.78954074752403 -70.73677629699729 21.458146684261916
v 47.87913235223897 -70.73677629699729 21.458146684261916
v 47.87913235223897 -74.82636790171223 21.458146684261916
v 43.78954074752403 -74.82636790171223 25.547738288976863
v 47.87913235223897 -74.82636790171223 25.547738288976863
v 47.87913235223897 -70.73677629699729 25.547738288976863
v 43.78954074752403 -70.73677629699729 25.547738288976863
v 0.7565884904488449 50.388183043968496 34.77351054803381
v 0.7565884904488449 54.850089702199824 34.77351054803381
v 5.21849514868018 54.850089702199824 34.77351054803381
v 5.21849514868018 50.388183043968496 34.77351054803381
v 0.7565884904488449 50.388183043968496 39.23541720626514
v 5.21849514868018 50.388183043968496 39.23541720626514
v 5.21849514868018 54.850089702199824 39.23541720626514
v 0.7565884904488449 54.850089702199824 39.23541720626514
v 31.245534548161324 -41.646325863327895 8.554922839337129
v 31.245534548161324 -35.67267388195986 8.554922839337129
v 37.21918652952936 -35.67267388195986 8.554922839337129
v 37.21918652952936 -41.646325863327895 8.554922839337129
v 31.245534548161324 -41.646325863327895 14.528574820705169
v 37.21918652952936 -41.646325863327895 14.528574820705169
v 37.21918652952936 -35.67267388195986 14.528574820705169
v 31.245534548161324 -35.67267388195986 14.528574820705169
v -74.95411764770499 20.088077464374233 64.55768062238012
v -74.95411764770499 21.18386001103713 64.55768062238012
v -73.8583351010421 21.18386001103713 64.55768062238012
v -73.8583351010421 20.088077464374233 64.55768062238012
v -74.95411764770499 20.088077464374233 65.65346316904301
v -73.8583351010421 20.088077464374233 65.65346316904301
v -73.8583351010421 21.18386001103713 65.65346316904301
v -74.95411764770499 21.18386001103713 65.65346316904301
v -94.38620928871087 -29.928814110116587 -11.635013643887813
v -94.38620928871087 -28.29658629095586 -11.635013643887813
v -92.75398146955014 -28.29658629095586 -11.635013643887813
v -92.75398146955014 -29.928814110116587 -11.635013643887813
v -94.38620928871087 -29.928814110116587 -10.002785824727088
v -92.75398146955014 -29.928814110116587 -10.002785824727088
v -92.75398146955014 -28.29658629095586 -10.002785824727088
v -94.38620928871087 -28.29658629095586 -10.002785824727088
v 58.455566295708095 -50.664161514056794 -98.53563596630003
v 58.455566295708095 -42.02338065025604 -98.53563596630003
v 67.09634715950885 -42.02338065025604 -98.53563596630003
v 67.09634715950885 -50.664161514056794 -98.53563596630003
v 58.455566295708095 -50.664161514056794 -89.89485510249928
v 67.09634715950885 -50.664161514056794 -89.89485510249928
v 67.09634715950885 -42.02338065025604 -89.89485510249928
v 58.455566295708095 -42.02338065025604 -89.89485510249928
v -31.192339225038562 82.27408758304243 -81.86496808274129
v -31.192339225038562 82.98960801377468 -81.86496808274129
v -30.476818794306315 82.98960801377468 -81.86496808274129
v -30.476818794306315 82.27408758304243 -81.86496808274129
v -31.192339225038562 82.27408758304243 -81.14944765200903
v -30.476818794306315 82.27408758304243 -81.14944765200903
v -30.476818794306315 82.98960801377468 -81.14944765200903
v -31.192339225038562 82.98960801377468 -81.14944765200903
v -65.55388414242655 51.91013399045359 -74.21718853672907
v -65.55388414242655 54.79046426198691 -74.21718853672907
v -62.67355387089323 54.79046426198691 -74.21718853672907
v -62.67355387089323 51.91013399045359 -74.21718853672907
v -65.55388414242655 51.91013399045359 -71.33685826519574
v -62.67355387089323 51.91013399045359 -71.33685826519574
v -62.67355387089323 54.79046426198691 -71.33685826519574
v -65.55388414242655 54.79046426198691 -71.33685826519574
v -98.50126762483198 -60.81475453262437 -54.09240768828023
v -98.50126762483198 -51.004423524564736 -54.09240768828023
v -88.69093661677233 -51.004423524564736 -54.09240768828023
v -88.69093661677233 -60.81475453262437 -54.09240768828023
v -98.50126762483198 -60.81475453262437 -44.2820766802206
v -88.69093661677233 -60.81475453262437 -44.2820766802206
v -88.69093661677233 -51.004423524564736 -44.2820766802206
v -98.50126762483198 -51.004423524564736 -44.2820766802206
v -48.958024885776595 -53.524221212380525 -90.55568957189988
v -48.958024885776595 -43.82012201716036 -90.55568957189988
v -39.25392569055643 -43.82012201716036 -90.55568957189988
v -39.25392569055643 -53.524221212380525 -90.55568957189988
v -48.958024885776595 -53.524221212380525 -80.8515903766797
v -39.25392569055643 -53.524221212380525 -80.8515903766797
v -39.25392569055643 -43.82012201716036 -80.8515903766797
v -48.958024885776595 -43.82012201716036 -80.8515903766797
v -37.95664178035816 -88.48537449608064 10.575978136654717
v -37.95664178035816 -81.78308380100312 10.575978136654717
v -31.254351085280653 -81.78308380100312 10.575978136654717
v -31.254351085280653 -88.48537449608064 10.575978136654717
v -37.95664178035816 -88.48537449608064 17.278268831732227
v -31.254351085280653 -88.48537449608064 17.278268831732227
v -31.254351085280653 -81.78308380100312 17.278268831732227
v -37.95664178035816 -81.78308380100312 17.278268831732227
v 27.346135999354523 14.168314775716292 46.966586512853134
v 27.346135999354523 17.92964888936961 46.966586512853134
v 31.107470113007842 17.92964888936961 46.966586512853134
v 31.107470113007842 14.168314775716292 46.966586512853134
v 27.346135999354523 14.168314775716292 50.72792062650645
v 31.107470113007842 14.168314775716292 50.72792062650645
v 31.107470113007842 17.92964888936961 50.72792062650645
v 27.346135999354523 17.92964888936961 50.72792062650645
v -84.65689628798715 -6.89479344422911 -47.11791306764631
v -84.65689628798715 -6.17305249330458 -47.11791306764631
v -83.93515533706262 -6.17305249330458 -47.11791306764631
v -83.93515533706262 -6.89479344422911 -47.11791306764631
v -84.65689628798715 -6.89479344422911 -46.396172116721786
v -83.93515533706262 -6.89479344422911 -46.396172116721786
v -83.93515533706262 -6.17305249330458 -46.396172116721786
v -84.65689628798715 -6.17305249330458 -46.396172116721786
v -67.79443840753585 -37.236042294470735 74.38117584269237
v -67.79443840753585 -34.44827013688408 74.38117584269237
v -65.00666624994919 -34.44827013688408 74.38117584269237
v -65.00666624994919 -37.236042294470735 74.38117584269237
v -67.79443840753585 -37.236042294470735 77.16894800027903
v -65.00666624994919 -37.236042294470735 77.16894800027903
v -65.00666624994919 -34.44827013688408 77.16894800027903
v -67.79443840753585 -34.44827013688408 77.16894800027903
v -84.96476990421225 58.74964341542058 -4.3117072313818445
v -84.96476990421225 64.59336557831709 -4.3117072313818445
v -79.12104774131573 64.59336557831709 -4.3117072313818445
v -79.12104774131573 58.74964341542058 -4.3117072313818445
v -84.96476990421225 58.74964341542058 1.5320149315146656
v -79.12104774131573 58.74964341542058 1.5320149315146656
v -79.12104774131573 64.59336557831709 1.5320149315146656
v -84.96476990421225 64.59336557831709 1.5320149315146656
v 3.872849202072092 43.09397692360339 -47.128585135889466
v 3.872849202072092 52.92366413879934 -47.128585135889466
v 13.702536417268032 52.92366413879934 -47.128585135889466
v 13.702536417268032 43.09397692360339 -47.128585135889466
v 3.872849202072092 43.09397692360339 -37.29889792069352
v 13.702536417268032 43.09397692360339 -37.29889792069352
v 13.702536417268032 52.92366413879934 -37.29889792069352
v 3.872849202072092 52.92366413879934 -37.29889792069352
v -24.422655717714093 -33.5348776120279 -61.69561818294656
v -24.422655717714093 -31.12262747356182 -61.69561818294656
v -22.010405579248015 -31.12262747356182 -61.69561818294656
v -22.010405579248015 -33.5348776120279 -61.69561818294656
v -24.422655717714093 -33.5348776120279 -59.28336804448048
v -22.010405579248015 -33.5348776120279 -59.28336804448048
v -22.010405579248015 -31.12262747356182 -59.28336804448048
v -24.422655717714093 -31.12262747356182 -59.28336804448048
v -32.30078023504387 -78.05050811232094 63.05432985569498
v -32.30078023504387 -75.07444675668039 63.05432985569498
v -29.324718879403324 -75.07444675668039 63.05432985569498
v -29.324718879403324 -78.05050811232094 63.05432985569498
v -32.30078023504387 -78.05050811232094 66.03039121133553
v -29.324718879403324 -78.05050811232094 66.03039121133553
v -29.324718879403324 -75.07444675668039 66.03039121133553
v -32.30078023504387 -75.07444675668039 66.03039121133553
v -55.2557757054082 -28.746865959238843 -29.789871095293687
v -55.2557757054082 -23.424980018735287 -29.789871095293687
v -49.933889764904634 -23.424980018735287 -29.789871095293687
v -49.933889764904634 -28.746865959238843 -29.789871095293687
v -55.2557757054082 -28.746865959238843 -24.46798515479013
v -49.933889764904634 -28.746865959238843 -24.46798515479013
v -49.933889764904634 -23.424980018735287 -24.46798515479013
v -55.2557757054082 -23.424980018735287 -24.46798515479013
v 68.26991744087474 -83.71278702091067 55.48063442001179
v 68.26991744087474 -77.24604547089146 55.48063442001179
v 74.73665899089394 -77.24604547089146 55.48063442001179
v 74.73665899089394 -83.71278702091067 55.48063442001179
v 68.26991744087474 -83.71278702091067 61.94737597003101
v 74.73665899089394 -83.71278702091067 61.94737597003101
v 74.73665899089394 -77.24604547089146 61.94737597003101
v 68.26991744087474 -77.24604547089146 61.94737597003101
v 43.323636415619646 -82.79374792640566 -78.56939901111954
v 43.323636415619646 -76.08593544373038 -78.56939901111954
v 50.031448898294926 -76.08593544373038 -78.56939901111954
v 50.031448898294926 -82.79374792640566 -78.56939901111954
v 43.323636415619646 -82.79374792640566 -71.86158652844426
v 50.031448898294926 -82.79374792640566 -71.86158652844426
v 50.031448898294926 -76.08593544373038 -71.86158652844426
v 43.323636415619646 -76.08593544373038 -71.86158652844426
v 84.3338497537242 87.3961482547225 -41.2760250910286
v 84.3338497537242 91.55582919541706 -41.2760250910286
v 88.49353069441875 91.55582919541706 -41.2760250910286
v 88.49353069441875 87.3961482547225 -41.2760250910286
v 84.3338497537242 87.3961482547225 -37.11634415033406
v 88.49353069441875 87.3961482547225 -37.11634415033406
v 88.49353069441875 91.55582919541706 -37.11634415033406
v 84.3338497537242 91.55582919541706 -37.11634415033406
v -42.66856712541383 -22.06311687588297 50.661548645496794
v -42.66856712541383 -15.802797391819382 50.661548645496794
v -36.40824764135024 -15.802797391819382 50.661548645496794
v -36.40824764135024 -22.06311687588297 50.661548645496794
v -42.66856712541383 -22.06311687588297 56.92186812956038
v -36.40824764135024 -22.06311687588297 56.92186812956038
v -36.40824764135024 -15.802797391819382 56.92186812956038
v -42.66856712541383 -15.802797391819382 56.92186812956038
v 13.243689798194488 -70.56118151497131 -47.324227010868526
v 13.243689798194488 -65.1586523073509 -47.324227010868526
v 18.646219005814906 -65.1586523073509 -47.324227010868526
v 18.646219005814906 -70.56118151497131 -47.324227010868526
v 13.243689798194488 -70.56118151497131 -41.92169780324811
v 18.646219005814906 -70.56118151497131 -41.92169780324811
v 18.646219005814906 -65.1586523073509 -41.92169780324811
v 13.243689798194488 -65.1586523073509 -41.92169780324811
v 52.10359480390527 -61.23890362765302 73.56009551440287
v 52.10359480390527 -51.45706945838062 73.56009551440287
v 61.88542897317767 -51.45706945838062 73.56009551440287
v 61.88542897317767 -61.23890362765302 73.56009551440287
v 52.10359480390527 -61.23890362765302 83.34192968367527
v 61.88542897317767 -61.23890362765302 83.34192968367527
v 61.88542897317767 -51.45706945838062 83.34192968367527
v 52.10359480390527 -51.45706945838062 83.34192968367527
v -90.36988208849107 10.9083241850375 -56.70629543022753
v -90.36988208849107 19.121042837305154 -56.70629543022753
v -82.15716343622341 19.121042837305154 -56.70629543022753
v -82.15716343622341 10.9083241850375 -56.70629543022753
v -90.36988208849107 10.9083241850375 -48.49357677795987
v -82.15716343622341 10.9083241850375 -48.49357677795987
v -82.15716343622341 19.121042837305154 -48.49357677795987
v -90.36988208849107 19.121042837305154 -48.49357677795987
v 78.36373182475332 -6.8195215189892195 -96.20735196805693
v 78.36373182475332 0.9641090012190578 -96.20735196805693
v 86.14736234496159 0.9641090012190578 -96.20735196805693
v 86.14736234496159 -6.8195215189892195 -96.20735196805693
v 78.36373182475332 -6.8195215189892195 -88.42372144784865
v 86.14736234496159 -6.8195215189892195 -88.42372144784865
v 86.14736234496159 0.9641090012190578 -88.42372144784865
v 78.36373182475332 0.9641090012190578 -88.42372144784865
v 50.706022272021194 66.68353994711393 30.49009859681565
v 50.706022272021194 75.684785504563 30.49009859681565
v 59.70726782947025 75.684785504563 30.49009859681565
v 59.70726782947025 66.68353994711393 30.49009859681565
v 50.706022272021194 66.68353994711393 39.4913441542647
v 59.70726782947025 66.68353994711393 39.4913441542647
v 59.70726782947025 75.684785504563 39.4913441542647
v 50.706022272021194 75.684785504563 39.4913441542647
v -52.907729320215246 -36.766293245134634 -43.209695910268586
v -52.907729320215246 -31.780177750547452 -43.209695910268586
v -47.921613825628064 -31.780177750547452 -43.209695910268586
v -47.921613825628064 -36.766293245134634 -43.209695910268586
v -52.907729320215246 -36.766293245134634 -38.223580415681404
v -47.921613825628064 -36.766293245134634 -38.223580415681404
v -47.921613825628064 -31.780177750547452 -38.223580415681404
v -52.907729320215246 -31.780177750547452 -38.223580415681404
v -5.721608097665648 -90.2266214769927 68.10805185040051
v -5.721608097665648 -80.82354650228419 68.10805185040051
v 3.681466877042862 -80.82354650228419 68.10805185040051
v 3.681466877042862 -90.2266214769927 68.10805185040051
v -5.721608097665648 -90.2266214769927 77.51112682510903
v 3.681466877042862 -90.2266214769927 77.51112682510903
v 3.681466877042862 -80.82354650228419 77.51112682510903
v -5.721608097665648 -80.82354650228419 77.51112682510903
v -102.56741044446673 -23.32605393544578 39.45627572685086
v -102.56741044446673 -15.121031930492126 39.45627572685086
v -94.36238843951307 -15.121031930492126 39.45627572685086
v -94.36238843951307 -23.32605393544578 39.45627572685086
v -102.56741044446673 -23.32605393544578 47.661297731804524
v -94.36238843951307 -23.32605393544578 47.661297731804524
v -94.36238843951307 -15.121031930492126 47.661297731804524
v -102.56741044446673 -15.121031930492126 47.661297731804524
v 47.86195928898147 -70.33918563247039 -15.026567332577228
v 47.86195928898147 -63.053896549094645 -15.026567332577228
v 55.14724837235721 -63.053896549094645 -15.026567332577228
v 55.14724837235721 -70.33918563247039 -15.026567332577228
v 47.86195928898147 -70.33918563247039 -7.741278249201487
v 55.14724837235721 -70.33918563247039 -7.741278249201487
v 55.14724837235721 -63.053896549094645 -7.741278249201487
v 47.86195928898147 -63.053896549094645 -7.741278249201487
v -46.69102403037396 14.807713446882952 21.635808288998657
v -46.69102403037396 17.74946476427846 21.635808288998657
v -43.749272712978446 17.74946476427846 21.635808288998657
v -43.749272712978446 14.807713446882952 21.635808288998657
v -46.69102403037396 14.807713446882952 24.577559606394164
v -43.749272712978446 14.807713446882952 24.577559606394164
v -43.749272712978446 17.74946476427846 24.577559606394164
v -46.69102403037396 17.74946476427846 24.577559606394164
v 7.925162126163795 -51.72269238156561 -75.61054922504034
v 7.925162126163795 -43.55641073433064 -75.61054922504034
v 16.09144377339877 -43.55641073433064 -75.61054922504034
v 16.09144377339877 -51.72269238156561 -75.61054922504034
v 7.925162126163795 -51.72269238156561 -67.44426757780538
v 16.09144377339877 -51.72269238156561 -67.44426757780538
v 16.09144377339877 -43.55641073433064 -67.44426757780538
v 7.925162126163795 -43.55641073433064 -67.44426757780538
v 91.34964502101697 -14.73527999436985 -85.35875761868623
v 91.34964502101697 -10.106799696014203 -85.35875761868623
v 95.97812531937261 -10.106799696014203 -85.35875761868623
v 95.97812531937261 -14.73527999436985 -85.35875761868623
v 91.34964502101697 -14.73527999436985 -80.73027732033059
v 95.97812531937261 -14.73527999436985 -80.73027732033059
v 95.97812531937261 -10.106799696014203 -80.73027732033059
v 91.34964502101697 -10.106799696014203 -80.73027732033059
v -6.367140262243101 51.74754911551716 0.31265103372430403
v -6.367140262243101 55.26777225365723 0.31265103372430403
v -2.846917124103026 55.26777225365723 0.31265103372430403
v -2.846917124103026 51.74754911551716 0.31265103372430403
v -6.367140262243101 51.74754911551716 3.832874171864379
v -2.846917124103026 51.74754911551716 3.832874171864379
v -2.846917124103026 55.26777225365723 3.832874171864379
v -6.367140262243101 55.26777225365723 3.832874171864379
v -44.533321540390155 -18.509311880656828 -12.55186963209724
v -44.533321540390155 -17.894884235714652 -12.55186963209724
v -43.91889389544797 -17.894884235714652 -12.55186963209724
v -43.91889389544797 -18.509311880656828 -12.55186963209724
v -44.533321540390155 -18.509311880656828 -11.937441987155065
v -43.91889389544797 -18.509311880656828 -11.937441987155065
v -43.91889389544797 -17.894884235714652 -11.937441987155065
v -44.533321540390155 -17.894884235714652 -11.937441987155065
v 31.583965684606834 -38.58402423941653 79.57434915196372
v 31.583965684606834 -37.90176229436852 79.57434915196372
v 32.26622762965484 -37.90176229436852 79.57434915196372
v 32.26622762965484 -38.58402423941653 79.57434915196372
v 31.583965684606834 -38.58402423941653 80.25661109701171
v 32.26622762965484 -38.58402423941653 80.25661109701171
v 32.26622762965484 -37.90176229436852 80.25661109701171
v 31.583965684606834 -37.90176229436852 80.25661109701171
v -9.778924006706468 -7.158191675364825 -6.650877015084737
v -9.778924006706468 2.082282864309369 -6.650877015084737
v -0.5384494670322733 2.082282864309369 -6.650877015084737
v -0.5384494670322733 -7.158191675364825 -6.650877015084737
v -9.778924006706468 -7.158191675364825 2.5895975245894567
v -0.5384494670322733 -7.158191675364825 2.5895975245894567
v -0.5384494670322733 2.082282864309369 2.5895975245894567
v -9.778924006706468 2.082282864309369 2.5895975245894567
v 67.59750920133898 -18.08201399465454 -20.453928173243096
v 67.59750920133898 -11.552053974944275 -20.453928173243096
v 74.12746922104925 -11.552053974944275 -20.453928173243096
v 74.12746922104925 -18.08201399465454 -20.453928173243096
v 67.59750920133898 -18.08201399465454 -13.92396815353283
v 74.12746922104925 -18.08201399465454 -13.92396815353283
v 74.12746922104925 -11.552053974944275 -13.92396815353283
v 67.59750920133898 -11.552053974944275 -13.92396815353283
v 80.07276376207574 92.39471001769951 -77.1078719867647
v 80.07276376207574 94.8043394256766 -77.1078719867647
v 82.48239317005283 94.8043394256766 -77.1078719867647
v 82.48239317005283 92.39471001769951 -77.1078719867647
v 80.07276376207574 92.39471001769951 -74.69824257878761
v 82.48239317005283 92.39471001769951 -74.69824257878761
v 82.48239317005283 94.8043394256766 -74.69824257878761
v 80.07276376207574 94.8043394256766 -74.69824257878761
v 80.09536625726838 7.052854858909836 7.959263221102571
v 80.09536625726838 15.850345812812368 7.959263221102571
v 88.8928572111709 15.850345812812368 7.959263221102571
v 88.8928572111709 7.052854858909836 7.959263221102571
v 80.09536625726838 7.052854858909836 16.756754175005103
v 88.8928572111709 7.052854858909836 16.756754175005103
v 88.8928572111709 15.850345812812368 16.756754175005103
v 80.09536625726838 15.850345812812368 16.756754175005103
v 57.27701300986421 -92.00337701035397 -42.68981678996273
v 57.27701300986421 -87.316979144307 -42.68981678996273
v 61.96341087591117 -87.316979144307 -42.68981678996273
v 61.96341087591117 -92.00337701035397 -42.68981678996273
v 57.27701300986421 -92.00337701035397 -38.00341892391577
v 61.96341087591117 -92.00337701035397 -38.00341892391577
v 61.96341087591117 -87.316979144307 -38.00341892391577
v 57.27701300986421 -87.316979144307 -38.00341892391577
v -42.50496671636437 -74.90517738298625 -78.25392177315722
v -42.50496671636437 -66.22186602621555 -78.25392177315722
v -33.821655359593684 -66.22186602621555 -78.25392177315722
v -33.821655359593684 -74.90517738298625 -78.25392177315722
v -42.50496671636437 -74.90517738298625 -69.57061041638651
v -33.821655359593684 -74.90517738298625 -69.57061041638651
v -33.821655359593684 -66.22186602621555 -69.57061041638651
v -42.50496671636437 -66.22186602621555 -69.57061041638651
v -53.0610312765543 26.419360608220707 -86.14913168938206
v -53.0610312765543 34.61424560384028 -86.14913168938206
v -44.86614628093473 34.61424560384028 -86.14913168938206
v -44.86614628093473 26.419360608220707 -86.14913168938206
v -53.0610312765543 26.419360608220707 -77.9542466937625
v -44.86614628093473 26.419360608220707 -77.9542466937625
v -44.86614628093473 34.61424560384028 -77.9542466937625
v -53.0610312765543 34.61424560384028 -77.9542466937625
v -41.436512383757126 39.24610536515009 -21.97024330541165
v -41.436512383757126 39.967420393978706 -21.97024330541165
v -40.71519735492851 39.967420393978706 -21.97024330541165
v -40.71519735492851 39.24610536515009 -21.97024330541165
v -41.436512383757126 39.24610536515009 -21.248928276583037
v -40.71519735492851 39.24610536515009 -21.248928276583037
v -40.71519735492851 39.967420393978706 -21.248928276583037
v -41.436512383757126 39.967420393978706 -21.248928276583037
v -88.28838160541433 -86.91299190926473 16.894536051390492
v -88.28838160541433 -83.28607973712265 16.894536051390492
v -84.66146943327225 -83.28607973712265 16.894536051390492
v -84.66146943327225 -86.91299190926473 16.894536051390492
v -88.28838160541433 -86.91299190926473 20.52144822353257
v -84.66146943327225 -86.91299190926473 20.52144822353257
v -84.66146943327225 -83.28607973712265 20.52144822353257
v -88.28838160541433 -83.28607973712265 20.52144822353257
v 8.393226236951968 -77.82633197590448 80.87969305966439
v 8.393226236951968 -75.92316871517599 80.87969305966439
v 10.296389497680472 -75.92316871517599 80.87969305966439
v 10.296389497680472 -77.82633197590448 80.87969305966439
v 8.393226236951968 -77.82633197590448 82.78285632039288
v 10.296389497680472 -77.82633197590448 82.78285632039288
v 10.296389497680472 -75.92316871517599 82.78285632039288
v 8.393226236951968 -75.92316871517599 82.78285632039288
v -39.40462412370107 -38.797168762170855 63.5626405258712
v -39.40462412370107 -32.70854404833011 63.5626405258712
v -33.315999409860325 -32.70854404833011 63.5626405258712
v -33.315999409860325 -38.797168762170855 63.5626405258712
v -39.40462412370107 -38.797168762170855 69.65126523971195
v -33.315999409860325 -38.797168762170855 69.65126523971195
v -33.315999409860325 -32.70854404833011 69.65126523971195
v -39.40462412370107 -32.70854404833011 69.65126523971195
v 97.01810351679738 -42.310909679590324 6.387530174664888
v 97.01810351679738 -38.75518458580099 6.387530174664888
v 100.57382861058672 -38.75518458580099 6.387530174664888
v 100.57382861058672 -42.310909679590324 6.387530174664888
v 97.01810351679738 -42.310909679590324 9.943255268454223
v 100.57382861058672 -42.310909679590324 9.943255268454223
v 100.57382861058672 -38.75518458580099 9.943255268454223
v 97.01810351679738 -38.75518458580099 9.943255268454223
v -21.115227658190665 -91.75979102736932 -60.567964314424
v -21.115227658190665 -82.64342119756986 -60.567964314424
v -11.998857828391206 -82.64342119756986 -60.567964314424
v -11.998857828391206 -91.75979102736932 -60.567964314424
v -21.115227658190665 -91.75979102736932 -51.45159448462455
v -11.998857828391206 -91.75979102736932 -51.45159448462455
v -11.998857828391206 -82.64342119756986 -51.45159448462455
v -21.115227658190665 -82.64342119756986 -51.45159448462455
v 87.35581944729438 -12.395212486719068 -46.44688194840485
v 87.35581944729438 -2.901189650994575 -46.44688194840485
v 96.84984228301886 -2.901189650994575 -46.44688194840485
v 96.84984228301886 -12.395212486719068 -46.44688194840485
v 87.35581944729438 -12.395212486719068 -36.95285911268036
v 96.84984228301886 -12.395212486719068 -36.95285911268036
v 96.84984228301886 -2.901189650994575 -36.95285911268036
v 87.35581944729438 -2.901189650994575 -36.95285911268036
v -40.45913340761983 -46.47516377346902 15.942227084544834
v -40.45913340761983 -42.78686359644078 15.942227084544834
v -36.77083323059159 -42.78686359644078 15.942227084544834
v -36.77083323059159 -46.47516377346902 15.942227084544834
v -40.45913340761983 -46.47516377346902 19.63052726157307
v -36.77083323059159 -46.47516377346902 19.63052726157307
v -36.77083323059159 -42.78686359644078 19.63052726157307
v -40.45913340761983 -42.78686359644078 19.63052726157307
v 58.47147353572468 -98.62912785962084 29.399586029780078
v 58.47147353572468 -92.03755867689435 29.399586029780078
v 65.06304271845117 -92.03755867689435 29.399586029780078
v 65.06304271845117 -98.62912785962084 29.399586029780078
v 58.47147353572468 -98.62912785962084 35.99115521250658
v 65.06304271845117 -98.62912785962084 35.99115521250658
v 65.06304271845117 -92.03755867689435 35.99115521250658
v 58.47147353572468 -92.03755867689435 35.99115521250658
v -45.3811875234632 -63.32103068545868 -60.773913886569204
v -45.3811875234632 -55.128298063260786 -60.773913886569204
v -37.1884549012653 -55.128298063260786 -60.773913886569204
v -37.1884549012653 -63.32103068545868 -60.773913886569204
v -45.3811875234632 -63.32103068545868 -52.58118126437131
v -37.1884549012653 -63.32103068545868 -52.58118126437131
v -37.1884549012653 -55.128298063260786 -52.58118126437131
v -45.3811875234632 -55.128298063260786 -52.58118126437131
v 89.02217963960258 -63.23066954479576 -80.94507730618129
v 89.02217963960258 -58.12983336810166 -80.94507730618129
v 94.1230158162967 -58.12983336810166 -80.94507730618129
v 94.1230158162967 -63.23066954479576 -80.94507730618129
v 89.02217963960258 -63.23066954479576 -75.84424112948717
v 94.1230158162967 -63.23066954479576 -75.84424112948717
v 94.1230158162967 -58.12983336810166 -75.84424112948717
v 89.02217963960258 -58.12983336810166 -75.84424112948717
v 71.32936011913795 -2.0747059295486237 64.60534161808668
v 71.32936011913795 5.524189273865939 64.60534161808668
v 78.92825532255252 5.524189273865939 64.60534161808668
v 78.92825532255252 -2.0747059295486237 64.60534161808668
v 71.32936011913795 -2.0747059295486237 72.20423682150125
v 78.92825532255252 -2.0747059295486237 72.20423682150125
v 78.92825532255252 5.524189273865939 72.20423682150125
v 71.32936011913795 5.524189273865939 72.20423682150125
v -31.261612264088438 64.74562812185232 -63.66992003642034
v -31.261612264088438 65.85452941596228 -63.66992003642034
v -30.15271096997849 65.85452941596228 -63.66992003642034
v -30.15271096997849 64.74562812185232 -63.66992003642034
v -31.261612264088438 64.74562812185232 -62.56101874231039
v -30.15271096997849 64.74562812185232 -62.56101874231039
v -30.15271096997849 65.85452941596228 -62.56101874231039
v -31.261612264088438 65.85452941596228 -62.56101874231039
v 63.07000269948976 -62.7271451291828 92.65398005132518
v 63.07000269948976 -60.51581145781195 92.65398005132518
v 65.28133637086061 -60.51581145781195 92.65398005132518
v 65.28133637086061 -62.7271451291828 92.65398005132518
v 63.07000269948976 -62.7271451291828 94.86531372269603
v 65.28133637086061 -62.7271451291828 94.86531372269603
v 65.28133637086061 -60.51581145781195 94.86531372269603
v 63.07000269948976 -60.51581145781195 94.86531372269603
v 60.636855987624706 -66.797835332124 -93.1239592468874
v 60.636855987624706 -61.88353028371319 -93.1239592468874
v 65.55116103603551 -61.88353028371319 -93.1239592468874
v 65.55116103603551 -66.797835332124 -93.1239592468874
v 60.636855987624706 -66.797835332124 -88.2096541984766
v 65.55116103603551 -66.797835332124 -88.2096541984766
v 65.55116103603551 -61.88353028371319 -88.2096541984766
v 60.636855987624706 -61.88353028371319 -88.2096541984766
v -79.36157675741092 83.9438079697716 -3.8748526726057166
v -79.36157675741092 92.56139233800232 -3.8748526726057166
v -70.74399238918019 92.56139233800232 -3.8748526726057166
v -70.74399238918019 83.9438079697716 -3.8748526726057166
v -79.36157675741092 83.9438079697716 4.742731695625015
v -70.74399238918019 83.9438079697716 4.742731695625015
v -70.74399238918019 92.56139233800232 4.742731695625015
v -79.36157675741092 92.56139233800232 4.742731695625015
v -13.914058253468271 -83.35656784441451 -60.555049481271475
v -13.914058253468271 -81.46567479283732 -60.555049481271475
v -12.023165201891073 -81.46567479283732 -60.555049481271475
v -12.023165201891073 -83.35656784441451 -60.555049481271475
v -13.914058253468271 -83.35656784441451 -58.66415642969428
v -12.023165201891073 -83.35656784441451 -58.66415642969428
v -12.023165201891073 -81.46567479283732 -58.66415642969428
v -13.914058253468271 -81.46567479283732 -58.66415642969428
v 79.35822165730329 -2.6447088961392473 -67.95762543096593
v 79.35822165730329 3.159074852347499 -67.95762543096593
v 85.16200540579004 3.159074852347499 -67.95762543096593
v 85.16200540579004 -2.6447088961392473 -67.95762543096593
v 79.35822165730329 -2.6447088961392473 -62.15384168247918
v 85.16200540579004 -2.6447088961392473 -62.15384168247918
v 85.16200540579004 3.159074852347499 -62.15384168247918
v 79.35822165730329 3.159074852347499 -62.15384168247918
v -0.0013193647589604396 3.90075385169457 34.51636783916833
v -0.0013193647589604396 11.95700056276532 34.51636783916833
v 8.05492734631179 11.95700056276532 34.51636783916833
v 8.05492734631179 3.90075385169457 34.51636783916833
v -0.0013193647589604396 3.90075385169457 42.57261455023909
v 8.05492734631179 3.90075385169457 42.57261455023909
v 8.05492734631179 11.95700056276532 42.57261455023909
v -0.0013193647589604396 11.95700056276532 42.57261455023909
v 72.88003779332759 32.14046204434284 59.093876572032585
v 72.88003779332759 40.50400302605367 59.093876572032585
v 81.24357877503842 40.50400302605367 59.093876572032585
v 81.24357877503842 32.14046204434284 59.093876572032585
v 72.88003779332759 32.14046204434284 67.45741755374341
v 81.24357877503842 32.14046204434284 67.45741755374341
v 81.24357877503842 40.50400302605367 67.45741755374341
v 72.88003779332759 40.50400302605367 67.45741755374341
v 54.246208013456 57.014804897785524 28.480318785753756
v 54.246208013456 61.51247671207952 28.480318785753756
v 58.74387982774999 61.51247671207952 28.480318785753756
v 58.74387982774999 57.014804897785524 28.480318785753756
v 54.246208013456 57.014804897785524 32.97799060004775
v 58.74387982774999 57.014804897785524 32.97799060004775
v 58.74387982774999 61.51247671207952 32.97799060004775
v 54.246208013456 61.51247671207952 32.97799060004775
v 26.85524698218082 12.32461851954709 77.82614854911073
v 26.85524698218082 12.95212369788889 77.82614854911073
v 27.48275216052262 12.95212369788889 77.82614854911073
v 27.48275216052262 12.32461851954709 77.82614854911073
v 26.85524698218082 12.32461851954709 78.45365372745253
v 27.48275216052262 12.32461851954709 78.45365372745253
v 27.48275216052262 12.95212369788889 78.45365372745253
v 26.85524698218082 12.95212369788889 78.45365372745253
v 30.702392545733396 -35.93448086549407 51.12428737341954
v 30.702392545733396 -26.531281036380584 51.12428737341954
v 40.105592374846886 -26.531281036380584 51.12428737341954
v 40.105592374846886 -35.93448086549407 51.12428737341954
v 30.702392545733396 -35.93448086549407 60.52748720253303
v 40.105592374846886 -35.93448086549407 60.52748720253303
v 40.105592374846886 -26.531281036380584 60.52748720253303
v 30.702392545733396 -26.531281036380584 60.52748720253303
v -15.797860366484459 45.50251853917139 -94.41867009908378
v -15.797860366484459 49.47469210477463 -94.41867009908378
v -11.825686800881213 49.47469210477463 -94.41867009908378
v -11.825686800881213 45.50251853917139 -94.41867009908378
v -15.797860366484459 45.50251853917139 -90.44649653348054
v -11.825686800881213 45.50251853917139 -90.44649653348054
v -11.825686800881213 49.47469210477463 -90.44649653348054
v -15.797860366484459 49.47469210477463 -90.44649653348054
v 84.42275951536544 -29.850668113733033 45.60074908827477
v 84.42275951536544 -27.34736834781842 45.60074908827477
v 86.92605928128006 -27.34736834781842 45.60074908827477
v 86.92605928128006 -29.850668113733033 45.60074908827477
v 84.42275951536544 -29.850668113733033 48.10404885418939
v 86.92605928128006 -29.850668113733033 48.10404885418939
v 86.92605928128006 -27.34736834781842 48.10404885418939
v 84.42275951536544 -27.34736834781842 48.10404885418939
v -3.300837283166439 6.68922983347324 73.49401625554609
v -3.300837283166439 12.121449053026476 73.49401625554609
v 2.1313819363867967 12.121449053026476 73.49401625554609
v 2.1313819363867967 6.68922983347324 73.49401625554609
v -3.300837283166439 6.68922983347324 78.92623547509933
v 2.1313819363867967 6.68922983347324 78.92623547509933
v 2.1313819363867967 12.121449053026476 78.92623547509933
v -3.300837283166439 12.121449053026476 78.92623547509933
v -59.93176660831198 -3.158548961259685 -20.06649673297457
v -59.93176660831198 5.386539965195555 -20.06649673297457
v -51.386677681856746 5.386539965195555 -20.06649673297457
v -51.386677681856746 -3.158548961259685 -20.06649673297457
v -59.93176660831198 -3.158548961259685 -11.521407806519333
v -51.386677681856746 -3.158548961259685 -11.521407806519333
v -51.386677681856746 5.386539965195555 -11.521407806519333
v -59.93176660831198 5.386539965195555 -11.521407806519333
v -22.55390403414145 4.981016974493118 -12.101832698382678
v -22.55390403414145 7.1441821419127205 -12.101832698382678
v -20.39073886672185 7.1441821419127205 -12.101832698382678
v -20.39073886672185 4.981016974493118 -12.101832698382678
v -22.55390403414145 4.981016974493118 -9.938667530963075
v -20.39073886672185 4.981016974493118 -9.938667530963075
v -20.39073886672185 7.1441821419127205 -9.938667530963075
v -22.55390403414145 7.1441821419127205 -9.938667530963075
v -83.28544492463502 -15.635925436549115 94.66823662800434
v -83.28544492463502 -6.462847104084489 94.66823662800434
v -74.11236659217039 -6.462847104084489 94.66823662800434
v -74.11236659217039 -15.635925436549115 94.66823662800434
v -83.28544492463502 -15.635925436549115 103.84131496046896
v -74.11236659217039 -15.635925436549115 103.84131496046896
v -74.11236659217039 -6.462847104084489 103.84131496046896
v -83.28544492463502 -6.462847104084489 103.84131496046896
v 2.292082122922862 93.62276948627766 81.00154876450398
v 2.292082122922862 94.61126921072878 81.00154876450398
v 3.2805818473739823 94.61126921072878 81.00154876450398
v 3.2805818473739823 93.62276948627766 81.00154876450398
v 2.292082122922862 93.62276948627766 81.9900484889551
v 3.2805818473739823 93.62276948627766 81.9900484889551
v 3.2805818473739823 94.61126921072878 81.9900484889551
v 2.292082122922862 94.61126921072878 81.9900484889551
v 31.02935006910625 -22.417701444924596 -16.38212284943061
v 31.02935006910625 -14.835216968715665 -16.38212284943061
v 38.61183454531518 -14.835216968715665 -16.38212284943061
v 38.61183454531518 -22.417701444924596 -16.38212284943061
v 31.02935006910625 -22.417701444924596 -8.799638373221677
v 38.61183454531518 -22.417701444924596 -8.799638373221677
v 38.61183454531518 -14.835216968715665 -8.799638373221677
v 31.02935006910625 -14.835216968715665 -8.799638373221677
v 97.75789855601622 34.821246023227594 63.85768326852901
v 97.75789855601622 39.019810654827346 63.85768326852901
v 101.95646318761598 39.019810654827346 63.85768326852901
v 101.95646318761598 34.821246023227594 63.85768326852901
v 97.75789855601622 34.821246023227594 68.05624790012877
v 101.95646318761598 34.821246023227594 68.05624790012877
v 101.95646318761598 39.019810654827346 68.05624790012877
v 97.75789855601622 39.019810654827346 68.05624790012877
v 61.60155109155642 7.113799745812946 71.7331598526957
v 61.60155109155642 13.00309017465005 71.7331598526957
v 67.49084152039353 13.00309017465005 71.7331598526957
v 67.49084152039353 7.113799745812946 71.7331598526957
v 61.60155109155642 7.113799745812946 77.62245028153282
v 67.49084152039353 7.113799745812946 77.62245028153282
v 67.49084152039353 13.00309017465005 77.62245028153282
v 61.60155109155642 13.00309017465005 77.62245028153282
v -60.55926318374005 -33.16954787204893 -71.18399271639453
v -60.55926318374005 -32.03525493391984 -71.18399271639453
v -59.42497024561096 -32.03525493391984 -71.18399271639453
v -59.42497024561096 -33.16954787204893 -71.18399271639453
v -60.55926318374005 -33.16954787204893 -70.04969977826542
v -59.42497024561096 -33.16954787204893 -70.04969977826542
v -59.42497024561096 -32.03525493391984 -70.04969977826542
v -60.55926318374005 -32.03525493391984 -70.04969977826542
v 9.594612541045553 61.342925097183965 52.60259121829243
v 9.594612541045553 70.38755037526109 52.60259121829243
v 18.639237819122666 70.38755037526109 52.60259121829243
v 18.639237819122666 61.342925097183965 52.60259121829243
v 9.594612541045553 61.342925097183965 61.64721649636955
v 18.639237819122666 61.342925097183965 61.64721649636955
v 18.639237819122666 70.38755037526109 61.64721649636955
v 9.594612541045553 70.38755037526109 61.64721649636955
v 29.772399481763195 -26.54909185794657 -69.64577118897262
v 29.772399481763195 -21.108526501841673 -69.64577118897262
v 35.21296483786809 -21.108526501841673 -69.64577118897262
v 35.21296483786809 -26.54909185794657 -69.64577118897262
v 29.772399481763195 -26.54909185794657 -64.20520583286773
v 35.21296483786809 -26.54909185794657 -64.20520583286773
v 35.21296483786809 -21.108526501841673 -64.20520583286773
v 29.772399481763195 -21.108526501841673 -64.20520583286773
v -75.0563076936256 57.790848344738315 -49.91823036957084
v -75.0563076936256 65.84882069437742 -49.91823036957084
v -66.9983353439865 65.84882069437742 -49.91823036957084
v -66.9983353439865 57.790848344738315 -49.91823036957084
v -75.0563076936256 57.790848344738315 -41.86025801993173
v -66.9983353439865 57.790848344738315 -41.86025801993173
v -66.9983353439865 65.84882069437742 -41.86025801993173
v -75.0563076936256 65.84882069437742 -41.86025801993173
v -71.24446573752184 27.059549122452978 -91.02755065126972
v -71.24446573752184 30.496187240645867 -91.02755065126972
v -67.80782761932895 30.496187240645867 -91.02755065126972
v -67.80782761932895 27.059549122452978 -91.02755065126972
v -71.24446573752184 27.059549122452978 -87.59091253307683
v -67.80782761932895 27.059549122452978 -87.59091253307683
v -67.80782761932895 30.496187240645867 -87.59091253307683
v -71.24446573752184 30.496187240645867 -87.59091253307683
v -82.69195736818266 -16.75195214038607 53.35347641004496
v -82.69195736818266 -12.06149543863091 53.35347641004496
v -78.0015006664275 -12.06149543863091 53.35347641004496
v -78.0015006664275 -16.75195214038607 53.35347641004496
v -82.69195736818266 -16.75195214038607 58.043933111800115
v -78.0015006664275 -16.75195214038607 58.043933111800115
v -78.0015006664275 -12.06149543863091 58.043933111800115
v -82.69195736818266 -12.06149543863091 58.043933111800115
v 10.98732655983958 94.86564878087975 -44.14099380170523
v 10.98732655983958 102.56009778031799 -44.14099380170523
v 18.681775559277803 102.56009778031799 -44.14099380170523
v 18.681775559277803 94.86564878087975 -44.14099380170523
v 10.98732655983958 94.86564878087975 -36.446544802267006
v 18.681775559277803 94.86564878087975 -36.446544802267006
v 18.681775559277803 102.56009778031799 -36.446544802267006
v 10.98732655983958 102.56009778031799 -36.446544802267006
v 75.92479103691012 -51.483769079264164 -54.70887989926213
v 75.92479103691012 -44.974872257238516 -54.70887989926213
v 82.43368785893578 -44.974872257238516 -54.70887989926213
v 82.43368785893578 -51.483769079264164 -54.70887989926213
v 75.92479103691012 -51.483769079264164 -48.19998307723648
v 82.43368785893578 -51.483769079264164 -48.19998307723648
v 82.43368785893578 -44.974872257238516 -48.19998307723648
v 75.92479103691012 -44.974872257238516 -48.19998307723648
v 88.48434323990033 64.18600109980399 95.33431813367149
v 88.48434323990033 66.79158346414142 95.33431813367149
v 91.08992560423776 66.79158346414142 95.33431813367149
v 91.08992560423776 64.18600109980399 95.33431813367149
v 88.48434323990033 64.18600109980399 97.93990049800892
v 91.08992560423776 64.18600109980399 97.93990049800892
v 91.08992560423776 66.79158346414142 97.93990049800892
v 88.48434323990033 66.79158346414142 97.93990049800892
v -29.570389572374722 1.0946231488583322 -70.54292907557735
v -29.570389572374722 3.697651834977094 -70.54292907557735
v -26.96736088625596 3.697651834977094 -70.54292907557735
v -26.96736088625596 1.0946231488583322 -70.54292907557735
v -29.570389572374722 1.0946231488583322 -67.93990038945859
v -26.96736088625596 1.0946231488583322 -67.93990038945859
v -26.96736088625596 3.697651834977094 -67.93990038945859
v -29.570389572374722 3.697651834977094 -67.93990038945859
v -63.89318732602244 -65.65783590408377 76.82262423441581
v -63.89318732602244 -56.200579259843664 76.82262423441581
v -54.435930681782324 -56.200579259843664 76.82262423441581
v -54.435930681782324 -65.65783590408377 76.82262423441581
v -63.89318732602244 -65.65783590408377 86.27988087865593
v -54.435930681782324 -65.65783590408377 86.27988087865593
v -54.435930681782324 -56.200579259843664 86.27988087865593
v -63.89318732602244 -56.200579259843664 86.27988087865593
v -29.85816557317081 29.79859439861188 -93.20406362942269
v -29.85816557317081 30.38322838824185 -93.20406362942269
v -29.27353158354084 30.38322838824185 -93.20406362942269
v -29.27353158354084 29.79859439861188 -93.20406362942269
v -29.85816557317081 29.79859439861188 -92.61942963979273
v -29.27353158354084 29.79859439861188 -92.61942963979273
v -29.27353158354084 30.38322838824185 -92.61942963979273
v -29.85816557317081 30.38322838824185 -92.61942963979273
v 79.55966826880518 2.545387270614307 23.588166373654666
v 79.55966826880518 6.22679746785976 23.588166373654666
v 83.24107846605062 6.22679746785976 23.588166373654666
v 83.24107846605062 2.545387270614307 23.588166373654666
v 79.55966826880518 2.545387270614307 27.26957657090012
v 83.24107846605062 2.545387270614307 27.26957657090012
v 83.24107846605062 6.22679746785976 27.26957657090012
v 79.55966826880518 6.22679746785976 27.26957657090012
v 93.29981094113317 19.94899035554692 18.751822205894534
v 93.29981094113317 29.107527196784112 18.751822205894534
v 102.45834778237035 29.107527196784112 18.751822205894534
v 102.45834778237035 19.94899035554692 18.751822205894534
v 93.29981094113317 19.94899035554692 27.910359047131728
v 102.45834778237035 19.94899035554692 27.910359047131728
v 102.45834778237035 29.107527196784112 27.910359047131728
v 93.29981094113317 29.107527196784112 27.910359047131728
v -24.719244410912136 -53.932587367655834 68.06601997811906
v -24.719244410912136 -47.07396967234582 68.06601997811906
v -17.860626715602127 -47.07396967234582 68.06601997811906
v -17.860626715602127 -53.932587367655834 68.06601997811906
v -24.719244410912136 -53.932587367655834 74.92463767342907
v -17.860626715602127 -53.932587367655834 74.92463767342907
v -17.860626715602127 -47.07396967234582 74.92463767342907
v -24.719244410912136 -47.07396967234582 74.92463767342907
v -52.16998651529849 -68.77067359154833 -4.977632745206765
v -52.16998651529849 -67.06910759377459 -4.977632745206765
v -50.46842051752475 -67.06910759377459 -4.977632745206765
v -50.46842051752475 -68.77067359154833 -4.977632745206765
v -52.16998651529849 -68.77067359154833 -3.276066747433018
v -50.46842051752475 -68.77067359154833 -3.276066747433018
v -50.46842051752475 -67.06910759377459 -3.276066747433018
v -52.16998651529849 -67.06910759377459 -3.276066747433018
v 66.68912517973123 -91.86398274906034 8.817838250014523
v 66.68912517973123 -86.24624365782583 8.817838250014523
v 72.30686427096575 -86.24624365782583 8.817838250014523
v 72.30686427096575 -91.86398274906034 8.817838250014523
v 66.68912517973123 -91.86398274906034 14.435577341249024
v 72.30686427096575 -91.86398274906034 14.435577341249024
v 72.30686427096575 -86.24624365782583 14.435577341249024
v 66.68912517973123 -86.24624365782583 14.435577341249024
v 24.603299814549583 77.30989469405014 23.754416839541815
v 24.603299814549583 82.41032079577948 23.754416839541815
v 29.70372591627893 82.41032079577948 23.754416839541815
v 29.70372591627893 77.30989469405014 23.754416839541815
v 24.603299814549583 77.30989469405014 28.854842941271162
v 29.70372591627893 77.30989469405014 28.854842941271162
v 29.70372591627893 82.41032079577948 28.854842941271162
v 24.603299814549583 82.41032079577948 28.854842941271162
v 17.42452782734924 -11.11363654695364 31.245912852073634
v 17.42452782734924 -9.466254931993152 31.245912852073634
v 19.071909442309728 -9.466254931993152 31.245912852073634
v 19.071909442309728 -11.11363654695364 31.245912852073634
v 17.42452782734924 -11.11363654695364 32.893294467034124
v 19.071909442309728 -11.11363654695364 32.893294467034124
v 19.071909442309728 -9.466254931993152 32.893294467034124
v 17.42452782734924 -9.466254931993152 32.893294467034124
v 28.290645979264653 -98.28491547746644 47.276226909580785
v 28.290645979264653 -96.05693274405466 47.276226909580785
v 30.51862871267643 -96.05693274405466 47.276226909580785
v 30.51862871267643 -98.28491547746644 47.276226909580785
v 28.290645979264653 -98.28491547746644 49.50420964299256
v 30.51862871267643 -98.28491547746644 49.50420964299256
v 30.51862871267643 -96.05693274405466 49.50420964299256
v 28.290645979264653 -96.05693274405466 49.50420964299256
v -102.75286479937999 59.01588003852069 41.741154017603066
v -102.75286479937999 67.37930987939964 41.741154017603066
v -94.38943495850104 67.37930987939964 41.741154017603066
v -94.38943495850104 59.01588003852069 41.741154017603066
v -102.75286479937999 59.01588003852069 50.104583858482016
v -94.38943495850104 59.01588003852069 50.104583858482016
v -94.38943495850104 67.37930987939964 50.104583858482016
v -102.75286479937999 67.37930987939964 50.104583858482016
v -53.38289221268178 -44.457853031622385 0.32610037130844516
v -53.38289221268178 -41.66636032415058 0.32610037130844516
v -50.59139950520998 -41.66636032415058 0.32610037130844516
v -50.59139950520998 -44.457853031622385 0.32610037130844516
v -53.38289221268178 -44.457853031622385 3.1175930787802426
v -50.59139950520998 -44.457853031622385 3.1175930787802426
v -50.59139950520998 -41.66636032415058 3.1175930787802426
v -53.38289221268178 -41.66636032415058 3.1175930787802426
v 24.52623492117805 61.378123113074146 86.0827777956493
v 24.52623492117805 63.56365381570492 86.0827777956493
v 26.711765623808823 63.56365381570492 86.0827777956493
v 26.711765623808823 61.378123113074146 86.0827777956493
v 24.52623492117805 61.378123113074146 88.26830849828006
v 26.711765623808823 61.378123113074146 88.26830849828006
v 26.711765623808823 63.56365381570492 88.26830849828006
v 24.52623492117805 63.56365381570492 88.26830849828006
v -0.13141265586649853 -74.07779147934116 92.80322144998617
v -0.13141265586649853 -68.23756596847491 92.80322144998617
v 5.708812854999749 -68.23756596847491 92.80322144998617
v 5.708812854999749 -74.07779147934116 92.80322144998617
v -0.13141265586649853 -74.07779147934116 98.64344696085242
v 5.708812854999749 -74.07779147934116 98.64344696085242
v 5.708812854999749 -68.23756596847491 98.64344696085242
v -0.13141265586649853 -68.23756596847491 98.64344696085242
v 5.7175117604817665 -22.70574564649448 -88.79143720053095
v 5.7175117604817665 -18.398844859659047 -88.79143720053095
v 10.024412547317201 -18.398844859659047 -88.79143720053095
v 10.024412547317201 -22.70574564649448 -88.79143720053095
v 5.7175117604817665 -22.70574564649448 -84.48453641369552
v 10.024412547317201 -22.70574564649448 -84.48453641369552
v 10.024412547317201 -18.398844859659047 -84.48453641369552
v 5.7175117604817665 -18.398844859659047 -84.48453641369552
v 84.05640002624175 55.64162377233383 -18.840955015396275
v 84.05640002624175 64.83928364381366 -18.840955015396275
v 93.25405989772158 64.83928364381366 -18.840955015396275
v 93.25405989772158 55.64162377233383 -18.840955015396275
v 84.05640002624175 55.64162377233383 -9.643295143916447
v 93.25405989772158 55.64162377233383 -9.643295143916447
v 93.25405989772158 64.83928364381366 -9.643295143916447
v 84.05640002624175 64.83928364381366 -9.643295143916447
v 13.58584105238817 -26.114432130298685 -18.75345168127446
v 13.58584105238817 -24.258274489905528 -18.75345168127446
v 15.44199869278133 -24.258274489905528 -18.75345168127446
v 15.44199869278133 -26.114432130298685 -18.75345168127446
v 13.58584105238817 -26.114432130298685 -16.897294040881302
v 15.44199869278133 -26.114432130298685 -16.897294040881302
v 15.44199869278133 -24.258274489905528 -16.897294040881302
v 13.58584105238817 -24.258274489905528 -16.897294040881302
v -41.13862806653546 43.590473103975235 76.56924374665797
v -41.13862806653546 51.08577235989332 76.56924374665797
v -33.643328810617376 51.08577235989332 76.56924374665797
v -33.643328810617376 43.590473103975235 76.56924374665797
v -41.13862806653546 43.590473103975235 84.06454300257607
v -33.643328810617376 43.590473103975235 84.06454300257607
v -33.643328810617376 51.08577235989332 84.06454300257607
v -41.13862806653546 51.08577235989332 84.06454300257607
v 20.2270681366737 95.70665265236258 -0.9924858746478611
v 20.2270681366737 103.09347342601549 -0.9924858746478611
v 27.61388891032663 103.09347342601549 -0.9924858746478611
v 27.61388891032663 95.70665265236258 -0.9924858746478611
v 20.2270681366737 95.70665265236258 6.394334899005066
v 27.61388891032663 95.70665265236258 6.394334899005066
v 27.61388891032663 103.09347342601549 6.394334899005066
v 20.2270681366737 103.09347342601549 6.394334899005066
v -10.686001105516823 -44.84801498578809 -73.19293963735397
v -10.686001105516823 -37.93417518376983 -73.19293963735397
v -3.7721613034985646 -37.93417518376983 -73.19293963735397
v -3.7721613034985646 -44.84801498578809 -73.19293963735397
v -10.686001105516823 -44.84801498578809 -66.27909983533571
v -3.7721613034985646 -44.84801498578809 -66.27909983533571
v -3.7721613034985646 -37.93417518376983 -66.27909983533571
v -10.686001105516823 -37.93417518376983 -66.27909983533571
v 13.734637361817976 -39.115528420589264 -79.29761473181439
v 13.734637361817976 -37.347919047747375 -79.29761473181439
v 15.502246734659861 -37.347919047747375 -79.29761473181439
v 15.502246734659861 -39.115528420589264 -79.29761473181439
v 13.734637361817976 -39.115528420589264 -77.5300053589725
v 15.502246734659861 -39.115528420589264 -77.5300053589725
v 15.502246734659861 -37.347919047747375 -77.5300053589725
v 13.734637361817976 -37.347919047747375 -77.5300053589725
v 64.26664852138818 -12.287045413592255 2.602198767195871
v 64.26664852138818 -10.517993830232212 2.602198767195871
v 66.03570010474822 -10.517993830232212 2.602198767195871
v 66.03570010474822 -12.287045413592255 2.602198767195871
v 64.26664852138818 -12.287045413592255 4.371250350555913
v 66.03570010474822 -12.287045413592255 4.371250350555913
v 66.03570010474822 -10.517993830232212 4.371250350555913
v 64.26664852138818 -10.517993830232212 4.371250350555913
v -91.73217883427903 73.73010920009345 -76.19504950283924
v -91.73217883427903 79.01761399778117 -76.19504950283924
v -86.44467403659131 79.01761399778117 -76.19504950283924
v -86.44467403659131 73.73010920009345 -76.19504950283924
v -91.73217883427903 73.73010920009345 -70.90754470515152
v -86.44467403659131 73.73010920009345 -70.90754470515152
v -86.44467403659131 79.01761399778117 -70.90754470515152
v -91.73217883427903 79.01761399778117 -70.90754470515152
v -14.936532448008268 -45.71625355708932 -87.09899527162878
v -14.936532448008268 -40.44734963507875 -87.09899527162878
v -9.667628525997696 -40.44734963507875 -87.09899527162878
v -9.667628525997696 -45.71625355708932 -87.09899527162878
v -14.936532448008268 -45.71625355708932 -81.83009134961821
v -9.667628525997696 -45.71625355708932 -81.83009134961821
v -9.667628525997696 -40.44734963507875 -81.83009134961821
v -14.936532448008268 -40.44734963507875 -81.83009134961821
v -101.38201377029903 20.6104330433063 -99.20468117010587
v -101.38201377029903 30.14734178834385 -99.20468117010587
v -91.84510502526147 30.14734178834385 -99.20468117010587
v -91.84510502526147 20.6104330433063 -99.20468117010587
v -101.38201377029903 20.6104330433063 -89.66777242506832
v -91.84510502526147 20.6104330433063 -89.66777242506832
v -91.84510502526147 30.14734178834385 -89.66777242506832
v -101.38201377029903 30.14734178834385 -89.66777242506832
v -93.12736773761533 -20.26401254584867 14.436830624977478
v -93.12736773761533 -13.04935811279076 14.436830624977478
v -85.91271330455741 -13.04935811279076 14.436830624977478
v -85.91271330455741 -20.26401254584867 14.436830624977478
v -93.12736773761533 -20.26401254584867 21.651485058035387
v -85.91271330455741 -20.26401254584867 21.651485058035387
v -85.91271330455741 -13.04935811279076 21.651485058035387
v -93.12736773761533 -13.04935811279076 21.651485058035387
v -92.59978374526146 27.699768848370034 -58.444973517558346
v -92.59978374526146 34.019836214750605 -58.444973517558346
v -86.27971637888088 34.019836214750605 -58.444973517558346
v -86.27971637888088 27.699768848370034 -58.444973517558346
v -92.59978374526146 27.699768848370034 -52.124906151177775
v -86.27971637888088 27.699768848370034 -52.124906151177775
v -86.27971637888088 34.019836214750605 -52.124906151177775
v -92.59978374526146 34.019836214750605 -52.124906151177775
v -99.4291621194474 97.75308579245859 -60.0696264458344
v -99.4291621194474 99.53093917533852 -60.0696264458344
v -97.65130873656747 99.53093917533852 -60.0696264458344
v -97.65130873656747 97.75308579245859 -60.0696264458344
v -99.4291621194474 97.75308579245859 -58.291773062954476
v -97.65130873656747 97.75308579245859 -58.291773062954476
v -97.65130873656747 99.53093917533852 -58.291773062954476
v -99.4291621194474 99.53093917533852 -58.291773062954476
v -39.13120561767603 82.30246328898075 -8.347523194084946
v -39.13120561767603 84.401338984363 -8.347523194084946
v -37.03232992229378 84.401338984363 -8.347523194084946
v -37.03232992229378 82.30246328898075 -8.347523194084946
v -39.13120561767603 82.30246328898075 -6.248647498702692
v -37.03232992229378 82.30246328898075 -6.248647498702692
v -37.03232992229378 84.401338984363 -6.248647498702692
v -39.13120561767603 84.401338984363 -6.248647498702692
v -48.00589841375549 39.29300220791022 -68.98798354757373
v -48.00589841375549 48.25648185416917 -68.98798354757373
v -39.04241876749654 48.25648185416917 -68.98798354757373
v -39.04241876749654 39.29300220791022 -68.98798354757373
v -48.00589841375549 39.29300220791022 -60.02450390131479
v -39.04241876749654 39.29300220791022 -60.02450390131479
v -39.04241876749654 48.25648185416917 -60.02450390131479
v -48.00589841375549 48.25648185416917 -60.02450390131479
v -9.51337076784649 -26.413910886513513 36.31305652770255
v -9.51337076784649 -22.349941765464912 36.31305652770255
v -5.449401646797886 -22.349941765464912 36.31305652770255
v -5.449401646797886 -26.413910886513513 36.31305652770255
v -9.51337076784649 -26.413910886513513 40.37702564875115
v -5.449401646797886 -26.413910886513513 40.37702564875115
v -5.449401646797886 -22.349941765464912 40.37702564875115
v -9.51337076784649 -22.349941765464912 40.37702564875115
v 53.56693256445473 -1.5902664702899205 -34.38628716567588
v 53.56693256445473 8.252960415609438 -34.38628716567588
v 63.41015945035409 8.252960415609438 -34.38628716567588
v 63.41015945035409 -1.5902664702899205 -34.38628716567588
v 53.56693256445473 -1.5902664702899205 -24.543060279776526
v 63.41015945035409 -1.5902664702899205 -24.543060279776526
v 63.41015945035409 8.252960415609438 -24.543060279776526
v 53.56693256445473 8.252960415609438 -24.543060279776526
v -26.38674609588595 -16.19626661803397 -58.91859275887556
v -26.38674609588595 -8.92580534385755 -58.91859275887556
v -19.11628482170953 -8.92580534385755 -58.91859275887556
v -19.11628482170953 -16.19626661803397 -58.91859275887556
v -26.38674609588595 -16.19626661803397 -51.648131484699135
v -19.11628482170953 -16.19626661803397 -51.648131484699135
v -19.11628482170953 -8.92580534385755 -51.648131484699135
v -26.38674609588595 -8.92580534385755 -51.648131484699135
v 19.70276918776382 53.16451000334507 82.26382482621608
v 19.70276918776382 54.75884019252476 82.26382482621608
v 21.297099376943507 54.75884019252476 82.26382482621608
v 21.297099376943507 53.16451000334507 82.26382482621608
v 19.70276918776382 53.16451000334507 83.85815501539577
v 21.297099376943507 53.16451000334507 83.85815501539577
v 21.297099376943507 54.75884019252476 83.85815501539577
v 19.70276918776382 54.75884019252476 83.85815501539577
v -91.75449842862724 62.90292227442147 -71.59011401860229
v -91.75449842862724 70.1698598523338 -71.59011401860229
v -84.48756085071491 70.1698598523338 -71.59011401860229
v -84.48756085071491 62.90292227442147 -71.59011401860229
v -91.75449842862724 62.90292227442147 -64.32317644068996
v -84.48756085071491 62.90292227442147 -64.32317644068996
v -84.48756085071491 70.1698598523338 -64.32317644068996
v -91.75449842862724 70.1698598523338 -64.32317644068996
v -77.60543839189575 48.719909324177124 46.49005274227902
v -77.60543839189575 57.854160118278074 46.49005274227902
v -68.4711875977948 57.854160118278074 46.49005274227902
v -68.4711875977948 48.719909324177124 46.49005274227902
v -77.60543839189575 48.719909324177124 55.62430353637997
v -68.4711875977948 48.719909324177124 55.62430353637997
v -68.4711875977948 57.854160118278074 55.62430353637997
v -77.60543839189575 57.854160118278074 55.62430353637997
v 35.55462138800644 -37.8225503400854 13.80224820777596
v 35.55462138800644 -29.53953996478782 13.80224820777596
v 43.83763176330402 -29.53953996478782 13.80224820777596
v 43.83763176330402 -37.8225503400854 13.80224820777596
v 35.55462138800644 -37.8225503400854 22.08525858307354
v 43.83763176330402 -37.8225503400854 22.08525858307354
v 43.83763176330402 -29.53953996478782 22.08525858307354
v 35.55462138800644 -29.53953996478782 22.08525858307354
v 72.58271075895479 23.150594313474794 -80.17234764766863
v 72.58271075895479 25.23254284249622 -80.17234764766863
v 74.6646592879762 25.23254284249622 -80.17234764766863
v 74.6646592879762 23.150594313474794 -80.17234764766863
v 72.58271075895479 23.150594313474794 -78.09039911864721
v 74.6646592879762 23.150594313474794 -78.09039911864721
v 74.6646592879762 25.23254284249622 -78.09039911864721
v 72.58271075895479 25.23254284249622 -78.09039911864721
v -34.738134164566354 -33.83796409947279 -90.2523759889183
v -34.738134164566354 -32.54863960869324 -90.2523759889183
v -33.448809673786805 -32.54863960869324 -90.2523759889183
v -33.448809673786805 -33.83796409947279 -90.2523759889183
v -34.738134164566354 -33.83796409947279 -88.96305149813877
v -33.448809673786805 -33.83796409947279 -88.96305149813877
v -33.448809673786805 -32.54863960869324 -88.96305149813877
v -34.738134164566354 -32.54863960869324 -88.96305149813877
v -18.23928451380204 0.596763841890172 51.13786280354463
v -18.23928451380204 2.7797003861153735 51.13786280354463
v -16.05634796957684 2.7797003861153735 51.13786280354463
v -16.05634796957684 0.596763841890172 51.13786280354463
v -18.23928451380204 0.596763841890172 53.32079934776983
v -16.05634796957684 0.596763841890172 53.32079934776983
v -16.05634796957684 2.7797003861153735 53.32079934776983
v -18.23928451380204 2.7797003861153735 53.32079934776983
v 80.16946807686924 77.60197053716519 -24.503788108338856
v 80.16946807686924 79.9581253354616 -24.503788108338856
v 82.52562287516565 79.9581253354616 -24.503788108338856
v 82.52562287516565 77.60197053716519 -24.503788108338856
v 80.16946807686924 77.60197053716519 -22.147633310042433
v 82.52562287516565 77.60197053716519 -22.147633310042433
v 82.52562287516565 79.9581253354616 -22.147633310042433
v 80.16946807686924 79.9581253354616 -22.147633310042433
v 69.7300605259282 -0.5973889863809883 -30.751754841285415
v 69.7300605259282 2.797848853558005 -30.751754841285415
v 73.1252983658672 2.797848853558005 -30.751754841285415
v 73.1252983658672 -0.5973889863809883 -30.751754841285415
v 69.7300605259282 -0.5973889863809883 -27.356517001346422
v 73.1252983658672 -0.5973889863809883 -27.356517001346422
v 73.1252983658672 2.797848853558005 -27.356517001346422
v 69.7300605259282 2.797848853558005 -27.356517001346422
v -57.792150438693284 59.65265696220389 -7.77377413368299
v -57.792150438693284 65.17704226574493 -7.77377413368299
v -52.267765135152246 65.17704226574493 -7.77377413368299
v -52.267765135152246 59.65265696220389 -7.77377413368299
v -57.792150438693284 59.65265696220389 -2.249388830141954
v -52.267765135152246 59.65265696220389 -2.249388830141954
v -52.267765135152246 65.17704226574493 -2.249388830141954
v -57.792150438693284 65.17704226574493 -2.249388830141954
v -21.293093225246167 28.237661175306542 -59.172760934017525
v -21.293093225246167 36.80586266993906 -59.172760934017525
v -12.724891730613649 36.80586266993906 -59.172760934017525
v -12.724891730613649 28.237661175306542 -59.172760934017525
v -21.293093225246167 28.237661175306542 -50.60455943938501
v -12.724891730613649 28.237661175306542 -50.60455943938501
v -12.724891730613649 36.80586266993906 -50.60455943938501
v -21.293093225246167 36.80586266993906 -50.60455943938501
v -97.33911248201845 -24.062656337176605 93.01559174674897
v -97.33911248201845 -21.14757049951129 93.01559174674897
v -94.42402664435313 -21.14757049951129 93.01559174674897
v -94.42402664435313 -24.062656337176605 93.01559174674897
v -97.33911248201845 -24.062656337176605 95.93067758441428
v -94.42402664435313 -24.062656337176605 95.93067758441428
v -94.42402664435313 -21.14757049951129 95.93067758441428
v -97.33911248201845 -21.14757049951129 95.93067758441428
v -53.00521444532456 -77.15097555231324 18.911898695278836
v -53.00521444532456 -74.09207598500973 18.911898695278836
v -49.94631487802105 -74.09207598500973 18.911898695278836
v -49.94631487802105 -77.15097555231324 18.911898695278836
v -53.00521444532456 -77.15097555231324 21.97079826258235
v -49.94631487802105 -77.15097555231324 21.97079826258235
v -49.94631487802105 -74.09207598500973 21.97079826258235
v -53.00521444532456 -74.09207598500973 21.97079826258235
v -14.772309349112994 57.66064638303424 -16.310491430705646
v -14.772309349112994 61.47538112470205 -16.310491430705646
v -10.957574607445189 61.47538112470205 -16.310491430705646
v -10.957574607445189 57.66064638303424 -16.310491430705646
v -14.772309349112994 57.66064638303424 -12.49575668903784
v -10.957574607445189 57.66064638303424 -12.49575668903784
v -10.957574607445189 61.47538112470205 -12.49575668903784
v -14.772309349112994 61.47538112470205 -12.49575668903784
v -64.33263911267908 -39.44000804759575 89.89621678654906
v -64.33263911267908 -38.80568950837682 89.89621678654906
v -63.69832057346015 -38.80568950837682 89.89621678654906
v -63.69832057346015 -39.44000804759575 89.89621678654906
v -64.33263911267908 -39.44000804759575 90.53053532576799
v -63.69832057346015 -39.44000804759575 90.53053532576799
v -63.69832057346015 -38.80568950837682 90.53053532576799
v -64.33263911267908 -38.80568950837682 90.53053532576799
v 42.64671589852425 -33.86832884655709 45.61028676508205
v 42.64671589852425 -30.112412809897364 45.61028676508205
v 46.402631935183976 -30.112412809897364 45.61028676508205
v 46.402631935183976 -33.86832884655709 45.61028676508205
v 42.64671589852425 -33.86832884655709 49.36620280174178
v 46.402631935183976 -33.86832884655709 49.36620280174178
v 46.402631935183976 -30.112412809897364 49.36620280174178
v 42.64671589852425 -30.112412809897364 49.36620280174178
v 82.87870481136635 -79.29082160872463 21.764340692068732
v 82.87870481136635 -78.45710178763275 21.764340692068732
v 83.71242463245822 -78.45710178763275 21.764340692068732
v 83.71242463245822 -79.29082160872463 21.764340692068732
v 82.87870481136635 -79.29082160872463 22.5980605131606
v 83.71242463245822 -79.29082160872463 22.5980605131606
v 83.71242463245822 -78.45710178763275 22.5980605131606
v 82.87870481136635 -78.45710178763275 22.5980605131606
v 22.071520468331876 77.23163022609037 -54.957990837858816
v 22.071520468331876 86.83521303999294 -54.957990837858816
v 31.675103282234424 86.83521303999294 -54.957990837858816
v 31.675103282234424 77.23163022609037 -54.957990837858816
v 22.071520468331876 77.23163022609037 -45.35440802395627
v 31.675103282234424 77.23163022609037 -45.35440802395627
v 31.675103282234424 86.83521303999294 -45.35440802395627
v 22.071520468331876 86.83521303999294 -45.35440802395627
v -78.79291065471048 40.23692125294504 29.744999491164617
v -78.79291065471048 41.33501019633245 29.744999491164617
v -77.69482171132307 41.33501019633245 29.744999491164617
v -77.69482171132307 40.23692125294504 29.744999491164617
v -78.79291065471048 40.23692125294504 30.843088434552033
v -77.69482171132307 40.23692125294504 30.843088434552033
v -77.69482171132307 41.33501019633245 30.843088434552033
v -78.79291065471048 41.33501019633245 30.843088434552033
v -0.6623003492693815 -88.5741702542089 11.253409495541893
v -0.6623003492693815 -78.84117601746209 11.253409495541893
v 9.070693887477413 -78.84117601746209 11.253409495541893
v 9.070693887477413 -88.5741702542089 11.253409495541893
v -0.6623003492693815 -88.5741702542089 20.986403732288686
v 9.070693887477413 -88.5741702542089 20.986403732288686
v 9.070693887477413 -78.84117601746209 20.986403732288686
v -0.6623003492693815 -78.84117601746209 20.986403732288686
v 77.29042420333798 64.55652554309464 32.678115207182344
v 77.29042420333798 72.25072649390253 32.678115207182344
v 84.98462515414587 72.25072649390253 32.678115207182344
v 84.98462515414587 64.55652554309464 32.678115207182344
v 77.29042420333798 64.55652554309464 40.37231615799024
v 84.98462515414587 64.55652554309464 40.37231615799024
v 84.98462515414587 72.25072649390253 40.37231615799024
v 77.29042420333798 72.25072649390253 40.37231615799024
v 80.15400419484416 61.77337523678141 -70.2946438857667
v 80.15400419484416 65.05872466926428 -70.2946438857667
v 83.43935362732702 65.05872466926428 -70.2946438857667
v 83.43935362732702 61.77337523678141 -70.2946438857667
v 80.15400419484416 61.77337523678141 -67.00929445328384
v 83.43935362732702 61.77337523678141 -67.00929445328384
v 83.43935362732702 65.05872466926428 -67.00929445328384
v 80.15400419484416 65.05872466926428 -67.00929445328384
v -46.55895874231404 -91.66873686103423 72.93542050502195
v -46.55895874231404 -84.02303635722993 72.93542050502195
v -38.91325823850975 -84.02303635722993 72.93542050502195
v -38.91325823850975 -91.66873686103423 72.93542050502195
v -46.55895874231404 -91.66873686103423 80.58112100882626
v -38.91325823850975 -91.66873686103423 80.58112100882626
v -38.91325823850975 -84.02303635722993 80.58112100882626
v -46.55895874231404 -84.02303635722993 80.58112100882626
v 76.32276645361915 -57.54475758763063 8.252679435380589
v 76.32276645361915 -47.96011071961246 8.252679435380589
v 85.90741332163734 -47.96011071961246 8.252679435380589
v 85.90741332163734 -57.54475758763063 8.252679435380589
v 76.32276645361915 -57.54475758763063 17.837326303398765
v 85.90741332163734 -57.54475758763063 17.837326303398765
v 85.90741332163734 -47.96011071961246 17.837326303398765
v 76.32276645361915 -47.96011071961246 17.837326303398765
v 84.4793203357235 42.32006575002113 36.151873049243065
v 84.4793203357235 45.897575408806276 36.151873049243065
v 88.05682999450865 45.897575408806276 36.151873049243065
v 88.05682999450865 42.32006575002113 36.151873049243065
v 84.4793203357235 42.32006575002113 39.72938270802821
v 88.05682999450865 42.32006575002113 39.72938270802821
v 88.05682999450865 45.897575408806276 39.72938270802821
v 84.4793203357235 45.897575408806276 39.72938270802821
v 31.543527842414015 -52.735602636011464 -72.79972806168195
v 31.543527842414015 -43.82711054214839 -72.79972806168195
v 40.45201993627709 -43.82711054214839 -72.79972806168195
v 40.45201993627709 -52.735602636011464 -72.79972806168195
v 31.543527842414015 -52.735602636011464 -63.89123596781888
v 40.45201993627709 -52.735602636011464 -63.89123596781888
v 40.45201993627709 -43.82711054214839 -63.89123596781888
v 31.543527842414015 -43.82711054214839 -63.89123596781888
v -85.28664997281945 -29.466955162923895 -38.90888991457395
v -85.28664997281945 -22.243460221868148 -38.90888991457395
v -78.0631550317637 -22.243460221868148 -38.90888991457395
v -78.0631550317637 -29.466955162923895 -38.90888991457395
v -85.28664997281945 -29.466955162923895 -31.6853949735182
v -78.0631550317637 -29.466955162923895 -31.6853949735182
v -78.0631550317637 -22.243460221868148 -31.6853949735182
v -85.28664997281945 -22.243460221868148 -31.6853949735182
v 96.48174097627994 -52.99060492753357 -43.21968625975229
v 96.48174097627994 -48.98110036635451 -43.21968625975229
v 100.491245537459 -48.98110036635451 -43.21968625975229
v 100.491245537459 -52.99060492753357 -43.21968625975229
v 96.48174097627994 -52.99060492753357 -39.21018169857323
v 100.491245537459 -52.99060492753357 -39.21018169857323
v 100.491245537459 -48.98110036635451 -39.21018169857323
v 96.48174097627994 -48.98110036635451 -39.21018169857323
v 93.65268191558792 72.69952736009537 79.827347878744
v 93.65268191558792 73.71188550222092 79.827347878744
v 94.66504005771347 73.71188550222092 79.827347878744
v 94.66504005771347 72.69952736009537 79.827347878744
v 93.65268191558792 72.69952736009537 80.83970602086956
v 94.66504005771347 72.69952736009537 80.83970602086956
v 94.66504005771347 73.71188550222092 80.83970602086956
v 93.65268191558792 73.71188550222092 80.83970602086956
v -50.719003914860686 -46.837456574979846 -54.02233182512499
v -50.719003914860686 -44.16763101984933 -54.02233182512499
v -48.04917835973017 -44.16763101984933 -54.02233182512499
v -48.04917835973017 -46.837456574979846 -54.02233182512499
v -50.719003914860686 -46.837456574979846 -51.35250626999448
v -48.04917835973017 -46.837456574979846 -51.35250626999448
v -48.04917835973017 -44.16763101984933 -51.35250626999448
v -50.719003914860686 -44.16763101984933 -51.35250626999448
v 1.2506081722901925 57.10822971738458 -49.40270949801871
v 1.2506081722901925 66.00915083249242 -49.40270949801871
v 10.151529287398027 66.00915083249242 -49.40270949801871
v 10.151529287398027 57.10822971738458 -49.40270949801871
v 1.2506081722901925 57.10822971738458 -40.501788382910874
v 10.151529287398027 57.10822971738458 -40.501788382910874
v 10.151529287398027 66.00915083249242 -40.501788382910874
v 1.2506081722901925 66.00915083249242 -40.501788382910874
v -14.746516465930775 66.41763436729099 35.30654905345104
v -14.746516465930775 69.20189498238096 35.30654905345104
v -11.962255850840783 69.20189498238096 35.30654905345104
v -11.962255850840783 66.41763436729099 35.30654905345104
v -14.746516465930775 66.41763436729099 38.090809668541034
v -11.962255850840783 66.41763436729099 38.090809668541034
v -11.962255850840783 69.20189498238096 38.090809668541034
v -14.746516465930775 69.20189498238096 38.090809668541034
v -92.16649507624221 -79.3727196772287 -87.65759026028633
v -92.16649507624221 -74.35556128775542 -87.65759026028633
v -87.14933668676893 -74.35556128775542 -87.65759026028633
v -87.14933668676893 -79.3727196772287 -87.65759026028633
v -92.16649507624221 -79.3727196772287 -82.64043187081305
v -87.14933668676893 -79.3727196772287 -82.64043187081305
v -87.14933668676893 -74.35556128775542 -82.64043187081305
v -92.16649507624221 -74.35556128775542 -82.64043187081305
v 42.07853313874432 42.622726246982324 -86.54385082428257
v 42.07853313874432 50.12781478420396 -86.54385082428257
v 49.58362167596596 50.12781478420396 -86.54385082428257
v 49.58362167596596 42.622726246982324 -86.54385082428257
v 42.07853313874432 42.622726246982324 -79.03876228706093
v 49.58362167596596 42.622726246982324 -79.03876228706093
v 49.58362167596596 50.12781478420396 -79.03876228706093
v 42.07853313874432 50.12781478420396 -79.03876228706093
v 81.16582557406977 -87.08069006392044 0.215902285584608
v 81.16582557406977 -86.26885842649098 0.215902285584608
v 81.97765721149923 -86.26885842649098 0.215902285584608
v 81.97765721149923 -87.08069006392044 0.215902285584608
v 81.16582557406977 -87.08069006392044 1.027733923014065
v 81.97765721149923 -87.08069006392044 1.027733923014065
v 81.97765721149923 -86.26885842649098 1.027733923014065
v 81.16582557406977 -86.26885842649098 1.027733923014065
v -61.978031826561164 -101.94675827138012 -6.610662877186446
v -61.978031826561164 -92.6296006204228 -6.610662877186446
v -52.66087417560384 -92.6296006204228 -6.610662877186446
v -52.66087417560384 -101.94675827138012 -6.610662877186446
v -61.978031826561164 -101.94675827138012 2.706494773770874
v -52.66087417560384 -101.94675827138012 2.706494773770874
v -52.66087417560384 -92.6296006204228 2.706494773770874
v -61.978031826561164 -92.6296006204228 2.706494773770874
v 32.9193273722357 7.005719283008684 90.14162355303043
v 32.9193273722357 12.948771288897294 90.14162355303043
v 38.8623793781243 12.948771288897294 90.14162355303043
v 38.8623793781243 7.005719283008684 90.14162355303043
v 32.9193273722357 7.005719283008684 96.08467555891903
v 38.8623793781243 7.005719283008684 96.08467555891903
v 38.8623793781243 12.948771288897294 96.08467555891903
v 32.9193273722357 12.948771288897294 96.08467555891903
v 48.19062294924318 41.75744035971316 59.95753637913036
v 48.19062294924318 48.360197813056445 59.95753637913036
v 54.793380402586465 48.360197813056445 59.95753637913036
v 54.793380402586465 41.75744035971316 59.95753637913036
v 48.19062294924318 41.75744035971316 66.56029383247365
v 54.793380402586465 41.75744035971316 66.56029383247365
v 54.793380402586465 48.360197813056445 66.56029383247365
v 48.19062294924318 48.360197813056445 66.56029383247365
v 25.238190635934743 -45.466069425872064 -53.81940574014724
v 25.238190635934743 -44.444672693656315 -53.81940574014724
v 26.25958736815049 -44.444672693656315 -53.81940574014724
v 26.25958736815049 -45.466069425872064 -53.81940574014724
v 25.238190635934743 -45.466069425872064 -52.79800900793149
v 26.25958736815049 -45.466069425872064 -52.79800900793149
v 26.25958736815049 -44.444672693656315 -52.79800900793149
v 25.238190635934743 -44.444672693656315 -52.79800900793149
v 75.14485626064901 18.041021615391507 63.76008992098523
v 75.14485626064901 23.48408986831678 63.76008992098523
v 80.58792451357427 23.48408986831678 63.76008992098523
v 80.58792451357427 18.041021615391507 63.76008992098523
v 75.14485626064901 18.041021615391507 69.2031581739105
v 80.58792451357427 18.041021615391507 69.2031581739105
v 80.58792451357427 23.48408986831678 69.2031581739105
v 75.14485626064901 23.48408986831678 69.2031581739105
v -58.00130580294493 12.568977517635872 -39.814389837387246
v -58.00130580294493 18.271727311706073 -39.814389837387246
v -52.298556008874726 18.271727311706073 -39.814389837387246
v -52.298556008874726 12.568977517635872 -39.814389837387246
v -58.00130580294493 12.568977517635872 -34.111640043317045
v -52.298556008874726 12.568977517635872 -34.111640043317045
v -52.298556008874726 18.271727311706073 -34.111640043317045
v -58.00130580294493 18.271727311706073 -34.111640043317045
v -63.86979356790808 -55.24912211310656 73.23054135132206
v -63.86979356790808 -48.07456979580126 73.23054135132206
v -56.695241250602784 -48.07456979580126 73.23054135132206
v -56.695241250602784 -55.24912211310656 73.23054135132206
v -63.86979356790808 -55.24912211310656 80.40509366862734
v -56.695241250602784 -55.24912211310656 80.40509366862734
v -56.695241250602784 -48.07456979580126 80.40509366862734
v -63.86979356790808 -48.07456979580126 80.40509366862734
v 36.269031466862415 -65.8779264169863 -69.08157217882246
v 36.269031466862415 -57.4802910653933 -69.08157217882246
v 44.6666668184554 -57.4802910653933 -69.08157217882246
v 44.6666668184554 -65.8779264169863 -69.08157217882246
v 36.269031466862415 -65.8779264169863 -60.68393682722947
v 44.6666668184554 -65.8779264169863 -60.68393682722947
v 44.6666668184554 -57.4802910653933 -60.68393682722947
v 36.269031466862415 -57.4802910653933 -60.68393682722947
v 53.57602749948127 -53.286806056554425 64.73180917027516
v 53.57602749948127 -52.54115622999605 64.73180917027516
v 54.32167732603965 -52.54115622999605 64.73180917027516
v 54.32167732603965 -53.286806056554425 64.73180917027516
v 53.57602749948127 -53.286806056554425 65.47745899683353
v 54.32167732603965 -53.286806056554425 65.47745899683353
v 54.32167732603965 -52.54115622999605 65.47745899683353
v 53.57602749948127 -52.54115622999605 65.47745899683353
v 84.5220287971334 -64.78399815754788 35.05249709287668
v 84.5220287971334 -55.41559629997225 35.05249709287668
v 93.89043065470904 -55.41559629997225 35.05249709287668
v 93.89043065470904 -64.78399815754788 35.05249709287668
v 84.5220287971334 -64.78399815754788 44.42089895045231
v 93.89043065470904 -64.78399815754788 44.42089895045231
v 93.89043065470904 -55.41559629997225 44.42089895045231
v 84.5220287971334 -55.41559629997225 44.42089895045231
v 41.52397641865094 -41.78963379220762 53.05848318725945
v 41.52397641865094 -37.89781215500684 53.05848318725945
v 45.41579805585172 -37.89781215500684 53.05848318725945
v 45.41579805585172 -41.78963379220762 53.05848318725945
v 41.52397641865094 -41.78963379220762 56.950304824460225
v 45.41579805585172 -41.78963379220762 56.950304824460225
v 45.41579805585172 -37.89781215500684 56.950304824460225
v 41.52397641865094 -37.89781215500684 56.950304824460225
v -95.8394443667623 9.572513844557598 59.01132721196985
v -95.8394443667623 17.40708874401144 59.01132721196985
v -88.00486946730847 17.40708874401144 59.01132721196985
v -88.00486946730847 9.572513844557598 59.01132721196985
v -95.8394443667623 9.572513844557598 66.84590211142368
v -88.00486946730847 9.572513844557598 66.84590211142368
v -88.00486946730847 17.40708874401144 66.84590211142368
v -95.8394443667623 17.40708874401144 66.84590211142368
v -80.67082701008313 -17.701816520932702 14.620285040099112
v -80.67082701008313 -9.28173491236604 14.620285040099112
v -72.25074540151645 -9.28173491236604 14.620285040099112
v -72.25074540151645 -17.701816520932702 14.620285040099112
v -80.67082701008313 -17.701816520932702 23.040366648665774
v -72.25074540151645 -17.701816520932702 23.040366648665774
v -72.25074540151645 -9.28173491236604 23.040366648665774
v -80.67082701008313 -9.28173491236604 23.040366648665774
v -75.92966656655003 46.92003626858256 -73.0636420295362
v -75.92966656655003 49.47367527375442 -73.0636420295362
v -73.37602756137815 49.47367527375442 -73.0636420295362
v -73.37602756137815 46.92003626858256 -73.0636420295362
v -75.92966656655003 46.92003626858256 -70.51000302436432
v -73.37602756137815 46.92003626858256 -70.51000302436432
v -73.37602756137815 49.47367527375442 -70.51000302436432
v -75.92966656655003 49.47367527375442 -70.51000302436432
v 48.40983000445388 89.08409047452176 -35.75365791823147
v 48.40983000445388 97.69294675699399 -35.75365791823147
v 57.01868628692611 97.69294675699399 -35.75365791823147
v 57.01868628692611 89.08409047452176 -35.75365791823147
v 48.40983000445388 89.08409047452176 -27.144801635759233
v 57.01868628692611 89.08409047452176 -27.144801635759233
v 57.01868628692611 97.69294675699399 -27.144801635759233
v 48.40983000445388 97.69294675699399 -27.144801635759233
v -53.76098658030108 -102.08451536534912 46.33824110344019
v -53.76098658030108 -93.02511564948637 46.33824110344019
v -44.70158686443831 -93.02511564948637 46.33824110344019
v -44.70158686443831 -102.08451536534912 46.33824110344019
v -53.76098658030108 -102.08451536534912 55.39764081930296
v -44.70158686443831 -102.08451536534912 55.39764081930296
v -44.70158686443831 -93.02511564948637 55.39764081930296
v -53.76098658030108 -93.02511564948637 55.39764081930296
v 4.244353748935584 88.5413068668283 -44.77837735114967
v 4.244353748935584 93.55953460050277 -44.77837735114967
v 9.262581482610056 93.55953460050277 -44.77837735114967
v 9.262581482610056 88.5413068668283 -44.77837735114967
v 4.244353748935584 88.5413068668283 -39.76014961747519
v 9.262581482610056 88.5413068668283 -39.76014961747519
v 9.262581482610056 93.55953460050277 -39.76014961747519
v 4.244353748935584 93.55953460050277 -39.76014961747519
v -41.78223345072761 21.91628167336571 80.4959140975951
v -41.78223345072761 25.315151992793865 80.4959140975951
v -38.383363131299454 25.315151992793865 80.4959140975951
v -38.383363131299454 21.91628167336571 80.4959140975951
v -41.78223345072761 21.91628167336571 83.89478441702325
v -38.383363131299454 21.91628167336571 83.89478441702325
v -38.383363131299454 25.315151992793865 83.89478441702325
v -41.78223345072761 25.315151992793865 83.89478441702325
v -26.190792457324157 -86.06587120019287 -8.623669849800882
v -26.190792457324157 -81.5731434756539 -8.623669849800882
v -21.698064732785163 -81.5731434756539 -8.623669849800882
v -21.698064732785163 -86.06587120019287 -8.623669849800882
v -26.190792457324157 -86.06587120019287 -4.130942125261891
v -21.698064732785163 -86.06587120019287 -4.130942125261891
v -21.698064732785163 -81.5731434756539 -4.130942125261891
v -26.190792457324157 -81.5731434756539 -4.130942125261891
v 75.32678505066878 90.71176303774524 64.53090475602315
v 75.32678505066878 95.74384270072994 64.53090475602315
v 80.35886471365347 95.74384270072994 64.53090475602315
v 80.35886471365347 90.71176303774524 64.53090475602315
v 75.32678505066878 90.71176303774524 69.56298441900785
v 80.35886471365347 90.71176303774524 69.56298441900785
v 80.35886471365347 95.74384270072994 69.56298441900785
v 75.32678505066878 95.74384270072994 69.56298441900785
v -11.67081238594077 66.57866829904036 -90.24829396252068
v -11.67081238594077 71.20788773158144 -90.24829396252068
v -7.041592953399706 71.20788773158144 -90.24829396252068
v -7.041592953399706 66.57866829904036 -90.24829396252068
v -11.67081238594077 66.57866829904036 -85.6190745299796
v -7.041592953399706 66.57866829904036 -85.6190745299796
v -7.041592953399706 71.20788773158144 -85.6190745299796
v -11.67081238594077 71.20788773158144 -85.6190745299796
v -35.76694812880799 48.818033190639476 -11.75470799584928
v -35.76694812880799 57.31161300130544 -11.75470799584928
v -27.273368318142026 57.31161300130544 -11.75470799584928
v -27.273368318142026 48.818033190639476 -11.75470799584928
v -35.76694812880799 48.818033190639476 -3.261128185183316
v -27.273368318142026 48.818033190639476 -3.261128185183316
v -27.273368318142026 57.31161300130544 -3.261128185183316
v -35.76694812880799 57.31161300130544 -3.261128185183316
v -74.80636796134955 -48.30386215866537 -63.18551186370268
v -74.80636796134955 -38.46772243890132 -63.18551186370268
v -64.9702282415855 -38.46772243890132 -63.18551186370268
v -64.9702282415855 -48.30386215866537 -63.18551186370268
v -74.80636796134955 -48.30386215866537 -53.34937214393863
v -64.9702282415855 -48.30386215866537 -53.34937214393863
v -64.9702282415855 -38.46772243890132 -53.34937214393863
v -74.80636796134955 -38.46772243890132 -53.34937214393863
v -16.473486576782165 -27.2036787693076 -25.60703033923211
v -16.473486576782165 -23.15266923798788 -25.60703033923211
v -12.422477045462442 -23.15266923798788 -25.60703033923211
v -12.422477045462442 -27.2036787693076 -25.60703033923211
v -16.473486576782165 -27.2036787693076 -21.55602080791239
v -12.422477045462442 -27.2036787693076 -21.55602080791239
v -12.422477045462442 -23.15266923798788 -21.55602080791239
v -16.473486576782165 -23.15266923798788 -21.55602080791239
v -59.111112021834955 -87.49452342890623 60.865182330167386
v -59.111112021834955 -78.07283865464035 60.865182330167386
v -49.68942724756907 -78.07283865464035 60.865182330167386
v -49.68942724756907 -87.49452342890623 60.865182330167386
v -59.111112021834955 -87.49452342890623 70.28686710443327
v -49.68942724756907 -87.49452342890623 70.28686710443327
v -49.68942724756907 -78.07283865464035 70.28686710443327
v -59.111112021834955 -78.07283865464035 70.28686710443327
v 64.34484614523345 -96.40701705470825 6.06839413511533
v 64.34484614523345 -95.75963785421634 6.06839413511533
v 64.99222534572536 -95.75963785421634 6.06839413511533
v 64.99222534572536 -96.40701705470825 6.06839413511533
v 64.34484614523345 -96.40701705470825 6.715773335607235
v 64.99222534572536 -96.40701705470825 6.715773335607235
v 64.99222534572536 -95.75963785421634 6.715773335607235
v 64.34484614523345 -95.75963785421634 6.715773335607235
v -92.52626560578253 21.028519856643957 -58.98092309112919
v -92.52626560578253 26.028081942829314 -58.98092309112919
v -87.52670351959716 26.028081942829314 -58.98092309112919
v -87.52670351959716 21.028519856643957 -58.98092309112919
v -92.52626560578253 21.028519856643957 -53.98136100494384
v -87.52670351959716 21.028519856643957 -53.98136100494384
v -87.52670351959716 26.028081942829314 -53.98136100494384
v -92.52626560578253 26.028081942829314 -53.98136100494384
v -77.70422774271195 3.398527919693578 6.824803222699515
v -77.70422774271195 3.907887120200826 6.824803222699515
v -77.1948685422047 3.907887120200826 6.824803222699515
v -77.1948685422047 3.398527919693578 6.824803222699515
v -77.70422774271195 3.398527919693578 7.334162423206763
v -77.1948685422047 3.398527919693578 7.334162423206763
v -77.1948685422047 3.907887120200826 7.334162423206763
v -77.70422774271195 3.907887120200826 7.334162423206763
v 61.842940985957036 22.58346273499529 93.60121971564028
v 61.842940985957036 23.94019334797142 93.60121971564028
v 63.19967159893317 23.94019334797142 93.60121971564028
v 63.19967159893317 22.58346273499529 93.60121971564028
v 61.842940985957036 22.58346273499529 94.9579503286164
v 63.19967159893317 22.58346273499529 94.9579503286164
v 63.19967159893317 23.94019334797142 94.9579503286164
v 61.842940985957036 23.94019334797142 94.9579503286164
v -54.673780025957285 -23.125732410199074 -33.51757721877486
v -54.673780025957285 -13.417933372071108 -33.51757721877486
v -44.96598098782931 -13.417933372071108 -33.51757721877486
v -44.96598098782931 -23.125732410199074 -33.51757721877486
v -54.673780025957285 -23.125732410199074 -23.80977818064689
v -44.96598098782931 -23.125732410199074 -23.80977818064689
v -44.96598098782931 -13.417933372071108 -23.80977818064689
v -54.673780025957285 -13.417933372071108 -23.80977818064689
v -6.984276759698719 90.79300133595238 -68.11921474563258
v -6.984276759698719 92.66004711214443 -68.11921474563258
v -5.117230983506669 92.66004711214443 -68.11921474563258
v -5.117230983506669 90.79300133595238 -68.11921474563258
v -6.984276759698719 90.79300133595238 -66.25216896944053
v -5.117230983506669 90.79300133595238 -66.25216896944053
v -5.117230983506669 92.66004711214443 -66.25216896944053
v -6.984276759698719 92.66004711214443 -66.25216896944053
v 19.880448788192172 -87.1524299270826 -3.016376146872913
v 19.880448788192172 -83.62580640640975 -3.016376146872913
v 23.407072308865008 -83.62580640640975 -3.016376146872913
v 23.407072308865008 -87.1524299270826 -3.016376146872913
v 19.880448788192172 -87.1524299270826 0.5102473737999256
v 23.407072308865008 -87.1524299270826 0.5102473737999256
v 23.407072308865008 -83.62580640640975 0.5102473737999256
v 19.880448788192172 -83.62580640640975 0.5102473737999256
v 62.706517044675145 70.78942847705606 31.010182577179485
v 62.706517044675145 75.24483504736291 31.010182577179485
v 67.161923614982 75.24483504736291 31.010182577179485
v 67.161923614982 70.78942847705606 31.010182577179485
v 62.706517044675145 70.78942847705606 35.46558914748635
v 67.161923614982 70.78942847705606 35.46558914748635
v 67.161923614982 75.24483504736291 35.46558914748635
v 62.706517044675145 75.24483504736291 35.46558914748635
v 14.145631188583584 -29.035192339100416 -0.014589776705089319
v 14.145631188583584 -27.840460801319086 -0.014589776705089319
v 15.34036272636491 -27.840460801319086 -0.014589776705089319
v 15.34036272636491 -29.035192339100416 -0.014589776705089319
v 14.145631188583584 -29.035192339100416 1.1801417610762381
v 15.34036272636491 -29.035192339100416 1.1801417610762381
v 15.34036272636491 -27.840460801319086 1.1801417610762381
v 14.145631188583584 -27.840460801319086 1.1801417610762381
v 39.769767432753575 -82.03301333457145 -45.96711314729726
v 39.769767432753575 -74.34718659776954 -45.96711314729726
v 47.4555941695555 -74.34718659776954 -45.96711314729726
v 47.4555941695555 -82.03301333457145 -45.96711314729726
v 39.769767432753575 -82.03301333457145 -38.28128641049533
v 47.4555941695555 -82.03301333457145 -38.28128641049533
v 47.4555941695555 -74.34718659776954 -38.28128641049533
v 39.769767432753575 -74.34718659776954 -38.28128641049533
v -56.13996280551813 -66.98171689343664 37.457255014915354
v -56.13996280551813 -62.14618355554408 37.457255014915354
v -51.304429467625575 -62.14618355554408 37.457255014915354
v -51.304429467625575 -66.98171689343664 37.457255014915354
v -56.13996280551813 -66.98171689343664 42.29278835280791
v -51.304429467625575 -66.98171689343664 42.29278835280791
v -51.304429467625575 -62.14618355554408 42.29278835280791
v -56.13996280551813 -62.14618355554408 42.29278835280791
v -74.82316299254529 6.275924796189737 -9.436227232662636
v -74.82316299254529 8.925933647345266 -9.436227232662636
v -72.17315414138977 8.925933647345266 -9.436227232662636
v -72.17315414138977 6.275924796189737 -9.436227232662636
v -74.82316299254529 6.275924796189737 -6.7862183815071075
v -72.17315414138977 6.275924796189737 -6.7862183815071075
v -72.17315414138977 8.925933647345266 -6.7862183815071075
v -74.82316299254529 8.925933647345266 -6.7862183815071075
v 85.16220205536497 71.67587549759206 -39.27598485515442
v 85.16220205536497 78.91933088678611 -39.27598485515442
v 92.40565744455903 78.91933088678611 -39.27598485515442
v 92.40565744455903 71.67587549759206 -39.27598485515442
v 85.16220205536497 71.67587549759206 -32.032529465960366
v 92.40565744455903 71.67587549759206 -32.032529465960366
v 92.40565744455903 78.91933088678611 -32.032529465960366
v 85.16220205536497 78.91933088678611 -32.032529465960366
v -99.37291064404415 -63.53790817775333 26.927012430831105
v -99.37291064404415 -57.49468156690913 26.927012430831105
v -93.32968403319997 -57.49468156690913 26.927012430831105
v -93.32968403319997 -63.53790817775333 26.927012430831105
v -99.37291064404415 -63.53790817775333 32.970239041675306
v -93.32968403319997 -63.53790817775333 32.970239041675306
v -93.32968403319997 -57.49468156690913 32.970239041675306
v -99.37291064404415 -57.49468156690913 32.970239041675306
v -25.649370673266596 -57.14704270564682 -90.34535049329986
v -25.649370673266596 -52.2967637831436 -90.34535049329986
v -20.799091750763374 -52.2967637831436 -90.34535049329986
v -20.799091750763374 -57.14704270564682 -90.34535049329986
v -25.649370673266596 -57.14704270564682 -85.49507157079665
v -20.799091750763374 -57.14704270564682 -85.49507157079665
v -20.799091750763374 -52.2967637831436 -85.49507157079665
v -25.649370673266596 -52.2967637831436 -85.49507157079665
v 31.98767046960108 53.32380252923101 -96.56454269019163
v 31.98767046960108 58.25164146167098 -96.56454269019163
v 36.915509402041046 58.25164146167098 -96.56454269019163
v 36.915509402041046 53.32380252923101 -96.56454269019163
v 31.98767046960108 53.32380252923101 -91.63670375775168
v 36.915509402041046 53.32380252923101 -91.63670375775168
v 36.915509402041046 58.25164146167098 -91.63670375775168
v 31.98767046960108 58.25164146167098 -91.63670375775168
v 1.6275762376528293 21.635338766808 72.28563732779499
v 1.6275762376528293 22.647125289445274 72.28563732779499
v 2.6393627602901004 22.647125289445274 72.28563732779499
v 2.6393627602901004 21.635338766808 72.28563732779499
v 1.6275762376528293 21.635338766808 73.29742385043225
v 2.6393627602901004 21.635338766808 73.29742385043225
v 2.6393627602901004 22.647125289445274 73.29742385043225
v 1.6275762376528293 22.647125289445274 73.29742385043225
v -66.88501578356538 -81.34191141054683 -18.703691801817158
v -66.88501578356538 -78.33124579569005 -18.703691801817158
v -63.8743501687086 -78.33124579569005 -18.703691801817158
v -63.8743501687086 -81.34191141054683 -18.703691801817158
v -66.88501578356538 -81.34191141054683 -15.693026186960383
v -63.8743501687086 -81.34191141054683 -15.693026186960383
v -63.8743501687086 -78.33124579569005 -15.693026186960383
v -66.88501578356538 -78.33124579569005 -15.693026186960383
v -22.91325780341559 -15.191746527061596 61.392842847225324
v -22.91325780341559 -11.03295316075095 61.392842847225324
v -18.754464437104943 -11.03295316075095 61.392842847225324
v -18.754464437104943 -15.191746527061596 61.392842847225324
v -22.91325780341559 -15.191746527061596 65.55163621353597
v -18.754464437104943 -15.191746527061596 65.55163621353597
v -18.754464437104943 -11.03295316075095 65.55163621353597
v -22.91325780341559 -11.03295316075095 65.55163621353597
v -9.040937290573599 84.01312808222247 -47.394791401234976
v -9.040937290573599 90.92570607961062 -47.394791401234976
v -2.128359293185436 90.92570607961062 -47.394791401234976
v -2.128359293185436 84.01312808222247 -47.394791401234976
v -9.040937290573599 84.01312808222247 -40.482213403846806
v -2.128359293185436 84.01312808222247 -40.482213403846806
v -2.128359293185436 90.92570607961062 -40.482213403846806
v -9.040937290573599 90.92570607961062 -40.482213403846806
v 79.1015133579418 33.216485738288334 25.441774402577213
v 79.1015133579418 41.12360804563104 25.441774402577213
v 87.00863566528452 41.12360804563104 25.441774402577213
v 87.00863566528452 33.216485738288334 25.441774402577213
v 79.1015133579418 33.216485738288334 33.34889670991992
v 87.00863566528452 33.216485738288334 33.34889670991992
v 87.00863566528452 41.12360804563104 33.34889670991992
v 79.1015133579418 41.12360804563104 33.34889670991992
v -55.78339365754868 -68.92725515757766 -102.50413326722486
v -55.78339365754868 -59.58324700086379 -102.50413326722486
v -46.43938550083481 -59.58324700086379 -102.50413326722486
v -46.43938550083481 -68.92725515757766 -102.50413326722486
v -55.78339365754868 -68.92725515757766 -93.16012511051099
v -46.43938550083481 -68.92725515757766 -93.16012511051099
v -46.43938550083481 -59.58324700086379 -93.16012511051099
v -55.78339365754868 -59.58324700086379 -93.16012511051099
v 44.29217251518397 -40.724322945403436 -66.0098138610067
v 44.29217251518397 -38.65476802963584 -66.0098138610067
v 46.36172743095157 -38.65476802963584 -66.0098138610067
v 46.36172743095157 -40.724322945403436 -66.0098138610067
v 44.29217251518397 -40.724322945403436 -63.9402589452391
v 46.36172743095157 -40.724322945403436 -63.9402589452391
v 46.36172743095157 -38.65476802963584 -63.9402589452391
v 44.29217251518397 -38.65476802963584 -63.9402589452391
v 68.60601703355384 86.076613116753 -78.00628191530099
v 68.60601703355384 91.65194776150382 -78.00628191530099
v 74.18135167830467 91.65194776150382 -78.00628191530099
v 74.18135167830467 86.076613116753 -78.00628191530099
v 68.60601703355384 86.076613116753 -72.43094727055016
v 74.18135167830467 86.076613116753 -72.43094727055016
v 74.18135167830467 91.65194776150382 -72.43094727055016
v 68.60601703355384 91.65194776150382 -72.43094727055016
v -97.95596316352425 3.2777745411996015 -3.608714810828179
v -97.95596316352425 11.332257491303768 -3.608714810828179
v -89.90148021342009 11.332257491303768 -3.608714810828179
v -89.90148021342009 3.2777745411996015 -3.608714810828179
v -97.95596316352425 3.2777745411996015 4.445768139275987
v -89.90148021342009 3.2777745411996015 4.445768139275987
v -89.90148021342009 11.332257491303768 4.445768139275987
v -97.95596316352425 11.332257491303768 4.445768139275987
v -36.02440766083485 21.26943251971309 -48.41673521602018
v -36.02440766083485 26.554983096154505 -48.41673521602018
v -30.738857084393427 26.554983096154505 -48.41673521602018
v -30.738857084393427 21.26943251971309 -48.41673521602018
v -36.02440766083485 21.26943251971309 -43.131184639578755
v -30.738857084393427 21.26943251971309 -43.131184639578755
v -30.738857084393427 26.554983096154505 -43.131184639578755
v -36.02440766083485 26.554983096154505 -43.131184639578755
v -96.10628290319791 36.17558788736025 -75.91995301138701
v -96.10628290319791 41.86978909560506 -75.91995301138701
v -90.4120816949531 41.86978909560506 -75.91995301138701
v -90.4120816949531 36.17558788736025 -75.91995301138701
v -96.10628290319791 36.17558788736025 -70.2257518031422
v -90.4120816949531 36.17558788736025 -70.2257518031422
v -90.4120816949531 41.86978909560506 -70.2257518031422
v -96.10628290319791 41.86978909560506 -70.2257518031422
v 6.487929102043424 -96.63704536934371 -1.7409418004025103
v 6.487929102043424 -89.23301759900396 -1.7409418004025103
v 13.891956872383176 -89.23301759900396 -1.7409418004025103
v 13.891956872383176 -96.63704536934371 -1.7409418004025103
v 6.487929102043424 -96.63704536934371 5.663085969937242
v 13.891956872383176 -96.63704536934371 5.663085969937242
v 13.891956872383176 -89.23301759900396 5.663085969937242
v 6.487929102043424 -89.23301759900396 5.663085969937242
v 18.657333346427137 -46.00472237448978 9.249930632818277
v 18.657333346427137 -36.130405383528945 9.249930632818277
v 28.531650337387973 -36.130405383528945 9.249930632818277
v 28.531650337387973 -46.00472237448978 9.249930632818277
v 18.657333346427137 -46.00472237448978 19.124247623779112
v 28.531650337387973 -46.00472237448978 19.124247623779112
v 28.531650337387973 -36.130405383528945 19.124247623779112
v 18.657333346427137 -36.130405383528945 19.124247623779112
v 15.99499727552329 -14.616963664491593 96.0537292783847
v 15.99499727552329 -10.713089416937024 96.0537292783847
v 19.898871523077858 -10.713089416937024 96.0537292783847
v 19.898871523077858 -14.616963664491593 96.0537292783847
v 15.99499727552329 -14.616963664491593 99.95760352593926
v 19.898871523077858 -14.616963664491593 99.95760352593926
v 19.898871523077858 -10.713089416937024 99.95760352593926
v 15.99499727552329 -10.713089416937024 99.95760352593926
v -57.83055915844584 -90.70432671013992 -39.84988646171168
v -57.83055915844584 -87.61890171053045 -39.84988646171168
v -54.74513415883638 -87.61890171053045 -39.84988646171168
v -54.74513415883638 -90.70432671013992 -39.84988646171168
v -57.83055915844584 -90.70432671013992 -36.76446146210222
v -54.74513415883638 -90.70432671013992 -36.76446146210222
v -54.74513415883638 -87.61890171053045 -36.76446146210222
v -57.83055915844584 -87.61890171053045 -36.76446146210222
v -81.21213640659158 87.90393923912805 68.11345042819622
v -81.21213640659158 96.16096118833954 68.11345042819622
v -72.95511445738009 96.16096118833954 68.11345042819622
v -72.95511445738009 87.90393923912805 68.11345042819622
v -81.21213640659158 87.90393923912805 76.37047237740771
v -72.95511445738009 87.90393923912805 76.37047237740771
v -72.95511445738009 96.16096118833954 76.37047237740771
v -81.21213640659158 96.16096118833954 76.37047237740771
v 48.34725864493949 79.29385932498282 92.83425175628817
v 48.34725864493949 79.95382951911078 92.83425175628817
v 49.00722883906745 79.95382951911078 92.83425175628817
v 49.00722883906745 79.29385932498282 92.83425175628817
v 48.34725864493949 79.29385932498282 93.49422195041613
v 49.00722883906745 79.29385932498282 93.49422195041613
v 49.00722883906745 79.95382951911078 93.49422195041613
v 48.34725864493949 79.95382951911078 93.49422195041613
v 84.12177591221366 -75.75985166126624 28.420806819325367
v 84.12177591221366 -69.63678799040672 28.420806819325367
v 90.24483958307319 -69.63678799040672 28.420806819325367
v 90.24483958307319 -75.75985166126624 28.420806819325367
v 84.12177591221366 -75.75985166126624 34.54387049018489
v 90.24483958307319 -75.75985166126624 34.54387049018489
v 90.24483958307319 -69.63678799040672 34.54387049018489
v 84.12177591221366 -69.63678799040672 34.54387049018489
v 40.54838811183417 10.472055211803678 3.3190137897412066
v 40.54838811183417 19.787537653265474 3.3190137897412066
v 49.86387055329597 19.787537653265474 3.3190137897412066
v 49.86387055329597 10.472055211803678 3.3190137897412066
v 40.54838811183417 10.472055211803678 12.634496231203002
v 49.86387055329597 10.472055211803678 12.634496231203002
v 49.86387055329597 19.787537653265474 12.634496231203002
v 40.54838811183417 19.787537653265474 12.634496231203002
v 72.37167331074819 45.426649224654355 36.558191301808236
v 72.37167331074819 46.5713157219207 36.558191301808236
v 73.51633980801454 46.5713157219207 36.558191301808236
v 73.51633980801454 45.426649224654355 36.558191301808236
v 72.37167331074819 45.426649224654355 37.70285779907458
v 73.51633980801454 45.426649224654355 37.70285779907458
v 73.51633980801454 46.5713157219207 37.70285779907458
v 72.37167331074819 46.5713157219207 37.70285779907458
v 76.56929636291925 26.067673924461936 49.80876976388377
v 76.56929636291925 27.698170431696262 49.80876976388377
v 78.19979287015356 27.698170431696262 49.80876976388377
v 78.19979287015356 26.067673924461936 49.80876976388377
v 76.56929636291925 26.067673924461936 51.43926627111809
v 78.19979287015356 26.067673924461936 51.43926627111809
v 78.19979287015356 27.698170431696262 51.43926627111809
v 76.56929636291925 27.698170431696262 51.43926627111809
v -23.1698272749908 -62.70007122680836 -101.5349114868615
v -23.1698272749908 -54.105466907354156 -101.5349114868615
v -14.575222955536594 -54.105466907354156 -101.5349114868615
v -14.575222955536594 -62.70007122680836 -101.5349114868615
v -23.1698272749908 -62.70007122680836 -92.94030716740728
v -14.575222955536594 -62.70007122680836 -92.94030716740728
v -14.575222955536594 -54.105466907354156 -92.94030716740728
v -23.1698272749908 -54.105466907354156 -92.94030716740728
v 6.690054447911553 18.302501448003614 -23.977691847276898
v 6.690054447911553 25.220027499229513 -23.977691847276898
v 13.607580499137452 25.220027499229513 -23.977691847276898
v 13.607580499137452 18.302501448003614 -23.977691847276898
v 6.690054447911553 18.302501448003614 -17.060165796051
v 13.607580499137452 18.302501448003614 -17.060165796051
v 13.607580499137452 25.220027499229513 -17.060165796051
v 6.690054447911553 25.220027499229513 -17.060165796051
v 56.27926566292794 24.35657764357173 27.549128393653096
v 56.27926566292794 28.425564919825785 27.549128393653096
v 60.348252939182004 28.425564919825785 27.549128393653096
v 60.348252939182004 24.35657764357173 27.549128393653096
v 56.27926566292794 24.35657764357173 31.61811566990715
v 60.348252939182004 24.35657764357173 31.61811566990715
v 60.348252939182004 28.425564919825785 31.61811566990715
v 56.27926566292794 28.425564919825785 31.61811566990715
v -50.34382326650878 -36.026411905971656 -63.280254434188244
v -50.34382326650878 -28.732868799549887 -63.280254434188244
v -43.05028016008701 -28.732868799549887 -63.280254434188244
v -43.05028016008701 -36.026411905971656 -63.280254434188244
v -50.34382326650878 -36.026411905971656 -55.98671132776648
v -43.05028016008701 -36.026411905971656 -55.98671132776648
v -43.05028016008701 -28.732868799549887 -55.98671132776648
v -50.34382326650878 -28.732868799549887 -55.98671132776648
v -23.914571985256078 -93.43224176336874 63.169784161346186
v -23.914571985256078 -86.08494982255142 63.169784161346186
v -16.567280044438757 -86.08494982255142 63.169784161346186
v -16.567280044438757 -93.43224176336874 63.169784161346186
v -23.914571985256078 -93.43224176336874 70.5170761021635
v -16.567280044438757 -93.43224176336874 70.5170761021635
v -16.567280044438757 -86.08494982255142 70.5170761021635
v -23.914571985256078 -86.08494982255142 70.5170761021635
v 79.74939788538693 31.352433275145227 96.80657580027103
v 79.74939788538693 37.517237239231996 96.80657580027103
v 85.91420184947368 37.517237239231996 96.80657580027103
v 85.91420184947368 31.352433275145227 96.80657580027103
v 79.74939788538693 31.352433275145227 102.97137976435779
v 85.91420184947368 31.352433275145227 102.97137976435779
v 85.91420184947368 37.517237239231996 102.97137976435779
v 79.74939788538693 37.517237239231996 102.97137976435779
v 20.970581335794282 -50.17442700663426 78.57395647915291
v 20.970581335794282 -40.586647927105716 78.57395647915291
v 30.558360415322834 -40.586647927105716 78.57395647915291
v 30.558360415322834 -50.17442700663426 78.57395647915291
v 20.970581335794282 -50.17442700663426 88.16173555868147
v 30.558360415322834 -50.17442700663426 88.16173555868147
v 30.558360415322834 -40.586647927105716 88.16173555868147
v 20.970581335794282 -40.586647927105716 88.16173555868147
v -64.0334475959165 57.461039751604 57.7542615817787
v -64.0334475959165 65.04870978018704 57.7542615817787
v -56.44577756733346 65.04870978018704 57.7542615817787
v -56.44577756733346 57.461039751604 57.7542615817787
v -64.0334475959165 57.461039751604 65.34193161036174
v -56.44577756733346 57.461039751604 65.34193161036174
v -56.44577756733346 65.04870978018704 65.34193161036174
v -64.0334475959165 65.04870978018704 65.34193161036174
v 57.6313711671675 38.15926559135896 66.43974208887455
v 57.6313711671675 38.86534619192072 66.43974208887455
v 58.33745176772926 38.86534619192072 66.43974208887455
v 58.33745176772926 38.15926559135896 66.43974208887455
v 57.6313711671675 38.15926559135896 67.14582268943632
v 58.33745176772926 38.15926559135896 67.14582268943632
v 58.33745176772926 38.86534619192072 67.14582268943632
v 57.6313711671675 38.86534619192072 67.14582268943632
v -36.34093046686433 -28.790645299462742 40.84349082641993
v -36.34093046686433 -25.01786535821287 40.84349082641993
v -32.56815052561445 -25.01786535821287 40.84349082641993
v -32.56815052561445 -28.790645299462742 40.84349082641993
v -36.34093046686433 -28.790645299462742 44.61627076766981
v -32.56815052561445 -28.790645299462742 44.61627076766981
v -32.56815052561445 -25.01786535821287 44.61627076766981
v -36.34093046686433 -25.01786535821287 44.61627076766981
v 82.04875315283515 15.495729261876628 74.41401220942326
v 82.04875315283515 17.795025718349752 74.41401220942326
v 84.34804960930826 17.795025718349752 74.41401220942326
v 84.34804960930826 15.495729261876628 74.41401220942326
v 82.04875315283515 15.495729261876628 76.71330866589638
v 84.34804960930826 15.495729261876628 76.71330866589638
v 84.34804960930826 17.795025718349752 76.71330866589638
v 82.04875315283515 17.795025718349752 76.71330866589638
v -7.5458810843653765 -4.816199428102621 33.770560423730984
v -7.5458810843653765 -3.484470582831719 33.770560423730984
v -6.214152239094474 -3.484470582831719 33.770560423730984
v -6.214152239094474 -4.816199428102621 33.770560423730984
v -7.5458810843653765 -4.816199428102621 35.102289269001886
v -6.214152239094474 -4.816199428102621 35.102289269001886
v -6.214152239094474 -3.484470582831719 35.102289269001886
v -7.5458810843653765 -3.484470582831719 35.102289269001886
v 87.20242328587675 -83.04245917047531 38.62002538444549
v 87.20242328587675 -77.60483601490851 38.62002538444549
v 92.64004644144354 -77.60483601490851 38.62002538444549
v 92.64004644144354 -83.04245917047531 38.62002538444549
v 87.20242328587675 -83.04245917047531 44.0576485400123
v 92.64004644144354 -83.04245917047531 44.0576485400123
v 92.64004644144354 -77.60483601490851 44.0576485400123
v 87.20242328587675 -77.60483601490851 44.0576485400123
v -28.234501051699365 -67.85322625481048 -100.14776022939743
v -28.234501051699365 -60.75365522966498 -100.14776022939743
v -21.134930026553864 -60.75365522966498 -100.14776022939743
v -21.134930026553864 -67.85322625481048 -100.14776022939743
v -28.234501051699365 -67.85322625481048 -93.04818920425193
v -21.134930026553864 -67.85322625481048 -93.04818920425193
v -21.134930026553864 -60.75365522966498 -93.04818920425193
v -28.234501051699365 -60.75365522966498 -93.04818920425193
v -23.090251873310415 23.23376887506236 71.03772404819478
v -23.090251873310415 32.798177308777504 71.03772404819478
v -13.52584343959527 32.798177308777504 71.03772404819478
v -13.52584343959527 23.23376887506236 71.03772404819478
v -23.090251873310415 23.23376887506236 80.6021324819099
v -13.52584343959527 23.23376887506236 80.6021324819099
v -13.52584343959527 32.798177308777504 80.6021324819099
v -23.090251873310415 32.798177308777504 80.6021324819099
v -46.55808989412061 4.907735871657696 -79.63661841335494
v -46.55808989412061 7.970718033369632 -79.63661841335494
v -43.495107732408684 7.970718033369632 -79.63661841335494
v -43.495107732408684 4.907735871657696 -79.63661841335494
v -46.55808989412061 4.907735871657696 -76.573636251643
v -43.495107732408684 4.907735871657696 -76.573636251643
v -43.495107732408684 7.970718033369632 -76.573636251643
v -46.55808989412061 7.970718033369632 -76.573636251643
v 29.169554855680577 -53.67610019297368 95.06867171561605
v 29.169554855680577 -47.41120619977818 95.06867171561605
v 35.43444884887607 -47.41120619977818 95.06867171561605
v 35.43444884887607 -53.67610019297368 95.06867171561605
v 29.169554855680577 -53.67610019297368 101.33356570881155
v 35.43444884887607 -53.67610019297368 101.33356570881155
v 35.43444884887607 -47.41120619977818 101.33356570881155
v 29.169554855680577 -47.41120619977818 101.33356570881155
v 71.82023920403789 -12.711029467415319 -30.465163953034793
v 71.82023920403789 -10.519780109820811 -30.465163953034793
v 74.01148856163239 -10.519780109820811 -30.465163953034793
v 74.01148856163239 -12.711029467415319 -30.465163953034793
v 71.82023920403789 -12.711029467415319 -28.273914595440285
v 74.01148856163239 -12.711029467415319 -28.273914595440285
v 74.01148856163239 -10.519780109820811 -28.273914595440285
v 71.82023920403789 -10.519780109820811 -28.273914595440285
v -42.473466093533396 -35.587427995797285 -18.657212802231626
v -42.473466093533396 -34.2771602921447 -18.657212802231626
v -41.16319838988081 -34.2771602921447 -18.657212802231626
v -41.16319838988081 -35.587427995797285 -18.657212802231626
v -42.473466093533396 -35.587427995797285 -17.34694509857904
v -41.16319838988081 -35.587427995797285 -17.34694509857904
v -41.16319838988081 -34.2771602921447 -17.34694509857904
v -42.473466093533396 -34.2771602921447 -17.34694509857904
v -75.78749416529513 81.9141596933496 -5.488644946617164
v -75.78749416529513 84.0946403706848 -5.488644946617164
v -73.60701348795993 84.0946403706848 -5.488644946617164
v -73.60701348795993 81.9141596933496 -5.488644946617164
v -75.78749416529513 81.9141596933496 -3.3081642692819813
v -73.60701348795993 81.9141596933496 -3.3081642692819813
v -73.60701348795993 84.0946403706848 -3.3081642692819813
v -75.78749416529513 84.0946403706848 -3.3081642692819813
v 74.84561477517936 71.40302844538529 57.21611346744708
v 74.84561477517936 73.37761048777607 57.21611346744708
v 76.82019681757014 73.37761048777607 57.21611346744708
v 76.82019681757014 71.40302844538529 57.21611346744708
v 74.84561477517936 71.40302844538529 59.190695509837845
v 76.82019681757014 71.40302844538529 59.190695509837845
v 76.82019681757014 73.37761048777607 59.190695509837845
v 74.84561477517936 73.37761048777607 59.190695509837845
v -101.14515706170457 88.78104936426901 -64.41131742173557
v -101.14515706170457 91.81404997941824 -64.41131742173557
v -98.11215644655533 91.81404997941824 -64.41131742173557
v -98.11215644655533 88.78104936426901 -64.41131742173557
v -101.14515706170457 88.78104936426901 -61.37831680658634
v -98.11215644655533 88.78104936426901 -61.37831680658634
v -98.11215644655533 91.81404997941824 -61.37831680658634
v -101.14515706170457 91.81404997941824 -61.37831680658634
v -95.05146395606711 -12.282809744381627 -54.84263417481409
v -95.05146395606711 -6.32519890656776 -54.84263417481409
v -89.09385311825325 -6.32519890656776 -54.84263417481409
v -89.09385311825325 -12.282809744381627 -54.84263417481409
v -95.05146395606711 -12.282809744381627 -48.88502333700023
v -89.09385311825325 -12.282809744381627 -48.88502333700023
v -89.09385311825325 -6.32519890656776 -48.88502333700023
v -95.05146395606711 -6.32519890656776 -48.88502333700023
v -71.37720681749309 -101.27979298405191 62.57621356496389
v -71.37720681749309 -97.26371260603852 62.57621356496389
v -67.3611264394797 -97.26371260603852 62.57621356496389
v -67.3611264394797 -101.27979298405191 62.57621356496389
v -71.37720681749309 -101.27979298405191 66.59229394297728
v -67.3611264394797 -101.27979298405191 66.59229394297728
v -67.3611264394797 -97.26371260603852 66.59229394297728
v -71.37720681749309 -97.26371260603852 66.59229394297728
v -91.95247275867439 -1.0661582056452392 -103.19920893083456
v -91.95247275867439 7.551535602064137 -103.19920893083456
v -83.33477895096502 7.551535602064137 -103.19920893083456
v -83.33477895096502 -1.0661582056452392 -103.19920893083456
v -91.95247275867439 -1.0661582056452392 -94.58151512312519
v -83.33477895096502 -1.0661582056452392 -94.58151512312519
v -83.33477895096502 7.551535602064137 -94.58151512312519
v -91.95247275867439 7.551535602064137 -94.58151512312519
v 39.5996653210002 57.4162559045283 -62.56047481082817
v 39.5996653210002 65.6038500310082 -62.56047481082817
v 47.787259447480096 65.6038500310082 -62.56047481082817
v 47.787259447480096 57.4162559045283 -62.56047481082817
v 39.5996653210002 57.4162559045283 -54.372880684348274
v 47.787259447480096 57.4162559045283 -54.372880684348274
v 47.787259447480096 65.6038500310082 -54.372880684348274
v 39.5996653210002 65.6038500310082 -54.372880684348274
v -24.20687522926523 30.253845919254964 67.31896743331721
v -24.20687522926523 37.48746653443691 67.31896743331721
v -16.97325461408328 37.48746653443691 67.31896743331721
v -16.97325461408328 30.253845919254964 67.31896743331721
v -24.20687522926523 30.253845919254964 74.55258804849915
v -16.97325461408328 30.253845919254964 74.55258804849915
v -16.97325461408328 37.48746653443691 74.55258804849915
v -24.20687522926523 37.48746653443691 74.55258804849915
v 35.22259625582105 -21.26045532877796 68.20551373745919
v 35.22259625582105 -18.99999810636655 68.20551373745919
v 37.483053478232456 -18.99999810636655 68.20551373745919
v 37.483053478232456 -21.26045532877796 68.20551373745919
v 35.22259625582105 -21.26045532877796 70.4659709598706
v 37.483053478232456 -21.26045532877796 70.4659709598706
v 37.483053478232456 -18.99999810636655 70.4659709598706
v 35.22259625582105 -18.99999810636655 70.4659709598706
v 92.30081615618988 -12.734147913485138 -66.87346919450349
v 92.30081615618988 -8.278966105093737 -66.87346919450349
v 96.75599796458127 -8.278966105093737 -66.87346919450349
v 96.75599796458127 -12.734147913485138 -66.87346919450349
v 92.30081615618988 -12.734147913485138 -62.41828738611209
v 96.75599796458127 -12.734147913485138 -62.41828738611209
v 96.75599796458127 -8.278966105093737 -62.41828738611209
v 92.30081615618988 -8.278966105093737 -62.41828738611209
v -1.3265231834338596 42.443974478922264 94.92376955926224
v -1.3265231834338596 48.75174370834832 94.92376955926224
v 4.981246045992204 48.75174370834832 94.92376955926224
v 4.981246045992204 42.443974478922264 94.92376955926224
v -1.3265231834338596 42.443974478922264 101.23153878868831
v 4.981246045992204 42.443974478922264 101.23153878868831
v 4.981246045992204 48.75174370834832 101.23153878868831
v -1.3265231834338596 48.75174370834832 101.23153878868831
v -11.353661957386208 73.98782523404617 -69.26561551828908
v -11.353661957386208 77.85303003093304 -69.26561551828908
v -7.488457160499338 77.85303003093304 -69.26561551828908
v -7.488457160499338 73.98782523404617 -69.26561551828908
v -11.353661957386208 73.98782523404617 -65.40041072140221
v -7.488457160499338 73.98782523404617 -65.40041072140221
v -7.488457160499338 77.85303003093304 -65.40041072140221
v -11.353661957386208 77.85303003093304 -65.40041072140221
v 55.366319164062645 65.61537828491805 84.11118649147056
v 55.366319164062645 69.79457734844635 84.11118649147056
v 59.54551822759095 69.79457734844635 84.11118649147056
v 59.54551822759095 65.61537828491805 84.11118649147056
v 55.366319164062645 65.61537828491805 88.29038555499886
v 59.54551822759095 65.61537828491805 88.29038555499886
v 59.54551822759095 69.79457734844635 88.29038555499886
v 55.366319164062645 69.79457734844635 88.29038555499886
v -3.2870597411250535 -58.471459347138996 -45.897875532559766
v -3.2870597411250535 -56.01442002694926 -45.897875532559766
v -0.8300204209353219 -56.01442002694926 -45.897875532559766
v -0.8300204209353219 -58.471459347138996 -45.897875532559766
v -3.2870597411250535 -58.471459347138996 -43.44083621237003
v -0.8300204209353219 -58.471459347138996 -43.44083621237003
v -0.8300204209353219 -56.01442002694926 -43.44083621237003
v -3.2870597411250535 -56.01442002694926 -43.44083621237003
v 61.560011526653945 82.29084943171016 -93.95273588824914
v 61.560011526653945 84.06772129785016 -93.95273588824914
v 63.33688339279396 84.06772129785016 -93.95273588824914
v 63.33688339279396 82.29084943171016 -93.95273588824914
v 61.560011526653945 82.29084943171016 -92.17586402210914
v 63.33688339279396 82.29084943171016 -92.17586402210914
v 63.33688339279396 84.06772129785016 -92.17586402210914
v 61.560011526653945 84.06772129785016 -92.17586402210914
v 66.76864246100719 49.24780046457325 86.18131264136865
v 66.76864246100719 57.149067639436716 86.18131264136865
v 74.66990963587067 57.149067639436716 86.18131264136865
v 74.66990963587067 49.24780046457325 86.18131264136865
v 66.76864246100719 49.24780046457325 94.08257981623213
v 74.66990963587067 49.24780046457325 94.08257981623213
v 74.66990963587067 57.149067639436716 94.08257981623213
v 66.76864246100719 57.149067639436716 94.08257981623213
v -4.798738656406795 -70.18806384547142 -40.562345952019356
v -4.798738656406795 -64.12657565506797 -40.562345952019356
v 1.2627495339966517 -64.12657565506797 -40.562345952019356
v 1.2627495339966517 -70.18806384547142 -40.562345952019356
v -4.798738656406795 -70.18806384547142 -34.500857761615904
v 1.2627495339966517 -70.18806384547142 -34.500857761615904
v 1.2627495339966517 -64.12657565506797 -34.500857761615904
v -4.798738656406795 -64.12657565506797 -34.500857761615904
v 60.91073745115116 -14.501559947386351 -16.177461141182942
v 60.91073745115116 -6.191269751504469 -16.177461141182942
v 69.22102764703304 -6.191269751504469 -16.177461141182942
v 69.22102764703304 -14.501559947386351 -16.177461141182942
v 60.91073745115116 -14.501559947386351 -7.867170945301059
v 69.22102764703304 -14.501559947386351 -7.867170945301059
v 69.22102764703304 -6.191269751504469 -7.867170945301059
v 60.91073745115116 -6.191269751504469 -7.867170945301059
v 77.89542701569434 57.47016073276063 -0.24589468220083854
v 77.89542701569434 58.88188298222616 -0.24589468220083854
v 79.30714926515986 58.88188298222616 -0.24589468220083854
v 79.30714926515986 57.47016073276063 -0.24589468220083854
v 77.89542701569434 57.47016073276063 1.1658275672646823
v 79.30714926515986 57.47016073276063 1.1658275672646823
v 79.30714926515986 58.88188298222616 1.1658275672646823
v 77.89542701569434 58.88188298222616 1.1658275672646823
v 23.621014451917247 76.94912362143909 15.863373621995933
v 23.621014451917247 83.46157719004133 15.863373621995933
v 30.133468020519487 83.46157719004133 15.863373621995933
v 30.133468020519487 76.94912362143909 15.863373621995933
v 23.621014451917247 76.94912362143909 22.375827190598173
v 30.133468020519487 76.94912362143909 22.375827190598173
v 30.133468020519487 83.46157719004133 22.375827190598173
v 23.621014451917247 83.46157719004133 22.375827190598173
v 74.5304612157372 -5.085737857147727 -101.61653209519676
v 74.5304612157372 2.631050978969533 -101.61653209519676
v 82.24725005185445 2.631050978969533 -101.61653209519676
v 82.24725005185445 -5.085737857147727 -101.61653209519676
v 74.5304612157372 -5.085737857147727 -93.89974325907949
v 82.24725005185445 -5.085737857147727 -93.89974325907949
v 82.24725005185445 2.631050978969533 -93.89974325907949
v 74.5304612157372 2.631050978969533 -93.89974325907949
v 25.363609524590952 39.42498703656655 -100.15791118344461
v 25.363609524590952 42.31226965686393 -100.15791118344461
v 28.250892144888343 42.31226965686393 -100.15791118344461
v 28.250892144888343 39.42498703656655 -100.15791118344461
v 25.363609524590952 39.42498703656655 -97.27062856314723
v 28.250892144888343 39.42498703656655 -97.27062856314723
v 28.250892144888343 42.31226965686393 -97.27062856314723
v 25.363609524590952 42.31226965686393 -97.27062856314723
v -101.35540104147896 -37.67391713175614 -30.885000134516588
v -101.35540104147896 -34.06787107474584 -30.885000134516588
v -97.74935498446865 -34.06787107474584 -30.885000134516588
v -97.74935498446865 -37.67391713175614 -30.885000134516588
v -101.35540104147896 -37.67391713175614 -27.278954077506285
v -97.74935498446865 -37.67391713175614 -27.278954077506285
v -97.74935498446865 -34.06787107474584 -27.278954077506285
v -101.35540104147896 -34.06787107474584 -27.278954077506285
v 5.5306919217110515 -83.52561796591255 -37.58046077972439
v 5.5306919217110515 -79.03964936589472 -37.58046077972439
v 10.016660521728882 -79.03964936589472 -37.58046077972439
v 10.016660521728882 -83.52561796591255 -37.58046077972439
v 5.5306919217110515 -83.52561796591255 -33.09449217970656
v 10.016660521728882 -83.52561796591255 -33.09449217970656
v 10.016660521728882 -79.03964936589472 -33.09449217970656
v 5.5306919217110515 -79.03964936589472 -33.09449217970656
v 56.54511859529152 59.417702567449346 -98.1082821932099
v 56.54511859529152 62.09260618883342 -98.1082821932099
v 59.220022216675595 62.09260618883342 -98.1082821932099
v 59.220022216675595 59.417702567449346 -98.1082821932099
v 56.54511859529152 59.417702567449346 -95.43337857182581
v 59.220022216675595 59.417702567449346 -95.43337857182581
v 59.220022216675595 62.09260618883342 -95.43337857182581
v 56.54511859529152 62.09260618883342 -95.43337857182581
v -46.26953733007902 -27.81712384528519 43.11543275955698
v -46.26953733007902 -19.433197667733754 43.11543275955698
v -37.885611152527574 -19.433197667733754 43.11543275955698
v -37.885611152527574 -27.81712384528519 43.11543275955698
v -46.26953733007902 -27.81712384528519 51.499358937108425
v -37.885611152527574 -27.81712384528519 51.499358937108425
v -37.885611152527574 -19.433197667733754 51.499358937108425
v -46.26953733007902 -19.433197667733754 51.499358937108425
v -53.99151660419527 47.42452157013283 -21.817376679665056
v -53.99151660419527 55.665512302675644 -21.817376679665056
v -45.75052587165246 55.665512302675644 -21.817376679665056
v -45.75052587165246 47.42452157013283 -21.817376679665056
v -53.99151660419527 47.42452157013283 -13.576385947122237
v -45.75052587165246 47.42452157013283 -13.576385947122237
v -45.75052587165246 55.665512302675644 -13.576385947122237
v -53.99151660419527 55.665512302675644 -13.576385947122237
v 58.91995830428781 -86.53509839920075 32.86688148774997
v 58.91995830428781 -81.27347905368909 32.86688148774997
v 64.18157764979948 -81.27347905368909 32.86688148774997
v 64.18157764979948 -86.53509839920075 32.86688148774997
v 58.91995830428781 -86.53509839920075 38.12850083326165
v 64.18157764979948 -86.53509839920075 38.12850083326165
v 64.18157764979948 -81.27347905368909 38.12850083326165
v 58.91995830428781 -81.27347905368909 38.12850083326165
v -48.65855886065173 -14.22915882323545 -84.96494794067866
v -48.65855886065173 -10.845472010853287 -84.96494794067866
v -45.274872048269565 -10.845472010853287 -84.96494794067866
v -45.274872048269565 -14.22915882323545 -84.96494794067866
v -48.65855886065173 -14.22915882323545 -81.58126112829649
v -45.274872048269565 -14.22915882323545 -81.58126112829649
v -45.274872048269565 -10.845472010853287 -81.58126112829649
v -48.65855886065173 -10.845472010853287 -81.58126112829649
v -84.22867078267733 -35.03391355551789 -86.05276305482005
v -84.22867078267733 -31.976224731730078 -86.05276305482005
v -81.17098195888953 -31.976224731730078 -86.05276305482005
v -81.17098195888953 -35.03391355551789 -86.05276305482005
v -84.22867078267733 -35.03391355551789 -82.99507423103225
v -81.17098195888953 -35.03391355551789 -82.99507423103225
v -81.17098195888953 -31.976224731730078 -82.99507423103225
v -84.22867078267733 -31.976224731730078 -82.99507423103225
v 96.07742546475193 -90.77919006176226 70.96266392645207
v 96.07742546475193 -86.04426861912386 70.96266392645207
v 100.81234690739034 -86.04426861912386 70.96266392645207
v 100.81234690739034 -90.77919006176226 70.96266392645207
v 96.07742546475193 -90.77919006176226 75.69758536909048
v 100.81234690739034 -90.77919006176226 75.69758536909048
v 100.81234690739034 -86.04426861912386 75.69758536909048
v 96.07742546475193 -86.04426861912386 75.69758536909048
v 75.28828794030747 21.77964967417271 -24.91113967697624
v 75.28828794030747 30.17467277046648 -24.91113967697624
v 83.68331103660122 30.17467277046648 -24.91113967697624
v 83.68331103660122 21.77964967417271 -24.91113967697624
v 75.28828794030747 21.77964967417271 -16.51611658068247
v 83.68331103660122 21.77964967417271 -16.51611658068247
v 83.68331103660122 30.17467277046648 -16.51611658068247
v 75.28828794030747 30.17467277046648 -16.51611658068247
v 42.60627908603452 -19.41887038895392 7.274983695117557
v 42.60627908603452 -13.007814862150314 7.274983695117557
v 49.01733461283813 -13.007814862150314 7.274983695117557
v 49.01733461283813 -19.41887038895392 7.274983695117557
v 42.60627908603452 -19.41887038895392 13.686039221921162
v 49.01733461283813 -19.41887038895392 13.686039221921162
v 49.01733461283813 -13.007814862150314 13.686039221921162
v 42.60627908603452 -13.007814862150314 13.686039221921162
v -25.644455149835842 10.767725113250627 -9.285858270657108
v -25.644455149835842 16.738313323620368 -9.285858270657108
v -19.6738669394661 16.738313323620368 -9.285858270657108
v -19.6738669394661 10.767725113250627 -9.285858270657108
v -25.644455149835842 10.767725113250627 -3.315270060287368
v -19.6738669394661 10.767725113250627 -3.315270060287368
v -19.6738669394661 16.738313323620368 -3.315270060287368
v -25.644455149835842 16.738313323620368 -3.315270060287368
v 88.29917911663433 -68.08174243000015 -72.20387122821897
v 88.29917911663433 -67.30706717214444 -72.20387122821897
v 89.07385437449004 -67.30706717214444 -72.20387122821897
v 89.07385437449004 -68.08174243000015 -72.20387122821897
v 88.29917911663433 -68.08174243000015 -71.42919597036327
v 89.07385437449004 -68.08174243000015 -71.42919597036327
v 89.07385437449004 -67.30706717214444 -71.42919597036327
v 88.29917911663433 -67.30706717214444 -71.42919597036327
v -5.398107239067512 32.920611489534565 -20.374129958731512
v -5.398107239067512 39.98576116217083 -20.374129958731512
v 1.6670424335687506 39.98576116217083 -20.374129958731512
v 1.6670424335687506 32.920611489534565 -20.374129958731512
v -5.398107239067512 32.920611489534565 -13.30898028609525
v 1.6670424335687506 32.920611489534565 -13.30898028609525
v 1.6670424335687506 39.98576116217083 -13.30898028609525
v -5.398107239067512 39.98576116217083 -13.30898028609525
v -14.844893005439062 -46.76275045800437 -58.18263579549882
v -14.844893005439062 -38.68242209073923 -58.18263579549882
v -6.764564638173922 -38.68242209073923 -58.18263579549882
v -6.764564638173922 -46.76275045800437 -58.18263579549882
v -14.844893005439062 -46.76275045800437 -50.10230742823368
v -6.764564638173922 -46.76275045800437 -50.10230742823368
v -6.764564638173922 -38.68242209073923 -50.10230742823368
v -14.844893005439062 -38.68242209073923 -50.10230742823368
v -38.3789955952521 -39.0885271252344 40.90872508656479
v -38.3789955952521 -37.19835146984091 40.90872508656479
v -36.48881993985861 -37.19835146984091 40.90872508656479
v -36.48881993985861 -39.0885271252344 40.90872508656479
v -38.3789955952521 -39.0885271252344 42.798900741958285
v -36.48881993985861 -39.0885271252344 42.798900741958285
v -36.48881993985861 -37.19835146984091 42.798900741958285
v -38.3789955952521 -37.19835146984091 42.798900741958285
v 24.40973441290979 89.79382426445486 -55.203230159507726
v 24.40973441290979 92.91387852433374 -55.203230159507726
v 27.529788672788666 92.91387852433374 -55.203230159507726
v 27.529788672788666 89.79382426445486 -55.203230159507726
v 24.40973441290979 89.79382426445486 -52.08317589962884
v 27.529788672788666 89.79382426445486 -52.08317589962884
v 27.529788672788666 92.91387852433374 -52.08317589962884
v 24.40973441290979 92.91387852433374 -52.08317589962884
v -59.49809871525826 15.05900978175317 68.99793726215995
v -59.49809871525826 19.572465592262482 68.99793726215995
v -54.984642904748945 19.572465592262482 68.99793726215995
v -54.984642904748945 15.05900978175317 68.99793726215995
v -59.49809871525826 15.05900978175317 73.51139307266925
v -54.984642904748945 15.05900978175317 73.51139307266925
v -54.984642904748945 19.572465592262482 73.51139307266925
v -59.49809871525826 19.572465592262482 73.51139307266925
v 18.885957203877254 -4.957658719692535 18.0143633297625
v 18.985554630453805 -6.35849108644042 17.26952864824978
v 88.23927120590294 27.728368239776604 -37.578191103736955
v 88.13967377932639 29.12920060652449 -36.83335642222423
v 17.806422392325914 -4.470598791643585 16.953982790978866
v 87.06013896777505 29.61626053457344 -37.89373696100786
v 87.1597363943516 28.215428167825554 -38.63857164252059
v 17.906019818902465 -5.87143115839147 16.209148109466145
v -1.1213923892024695 -51.83279642258361 21.227818095531873
v -1.7186724637127924 -51.70122271399742 19.45014659897855
v 18.90175724232145 -5.732505098330535 15.924243670477466
v 19.499037316831775 -5.86407880691673 17.70191516703079
v -2.730209925575977 -51.06530239542035 21.82517069725226
v 17.890219780458267 -5.096584779753471 18.29926776875118
v 17.292939705947944 -4.965011071167275 16.521596272197854
v -3.3274900000863 -50.93372868683416 20.047499200698937
v 63.381437483676066 64.62857185149926 9.06843724086092
v 65.3143023804256 63.261466949147696 6.787458768455391
v -2.2960940695487793 -51.57367510145129 18.321948911358685
v -4.228958966298315 -50.20657019909974 20.602927383764214
v 65.45760813023438 63.6422920426325 11.41887824196883
v -2.1527883197400044 -51.19285000796649 22.953368384872125
v -0.21992342299047252 -52.55995491031805 20.672389912466596
v 67.3904730269839 62.27518714028094 9.137899769563301
v -60.30718543169089 -52.91798962871475 48.50738624535419
v -60.42162845919524 -52.88973751779248 48.22457520425275
v 65.41909249847785 63.35196699333751 8.913806017922148
v 65.53353552598222 63.323714882415246 9.196617059023588
v -60.48790294549102 -52.689912512687314 48.603300178832676
v 65.35281801218207 63.55179199844268 9.292530992502073
v 65.23837498467773 63.58004410936495 9.009719951400633
v -60.60234597299537 -52.66166040176505 48.320489137731236
v -70.53560464514705 87.50073847026795 -63.643459727896406
v -71.66595307552976 88.77797681155909 -61.91644161035969
v -59.94885217534659 -51.74421076769849 49.67748460992633
v -58.81850374496387 -53.02144910898963 47.950466492389616
v -72.67778012952286 86.68674831647627 -64.44353544712695
v -60.96067922933969 -53.83543926278131 47.15039077315908
v -62.09102765972241 -52.55820092149017 48.8774088906958
v -73.80812855990557 87.9639866577674 -62.716517329590225
v -2.0153650406617913 25.284538297382447 22.16546877193366
v -2.483820489961033 25.40031651243084 22.63262600393459
v -72.55947308294098 87.50317034551017 -63.029065917612584
v -72.09101763364174 87.38739213046179 -63.49622314961351
v -1.7086075291316831 25.85870094944584 22.33078078167314
v -71.78426012211163 87.96155478252518 -63.33091113987403
v -72.25271557141087 88.07733299757356 -62.863753907873104
v -2.177062978430925 25.974479164494234 22.79793801367407
v -29.885993620184003 77.86750962474302 45.72768836213219
v -29.0933340603492 76.84299014109426 48.74558041424419
v -0.2909464654510785 25.95631902547716 23.905436169629183
v -1.0836060252858815 26.980838509125913 20.887544117517187
v -32.70386914853976 76.18936955201663 45.89811486059355
v -3.901481553641638 25.30269843639952 21.057970615978547
v -3.108821993806835 24.278178952750768 24.075862668090544
v -31.911209588704956 75.16485006836787 48.91600691270555
v -90.84364613393566 39.38889182111978 -6.523112596490694
v -90.54092746121162 40.38172983331866 -7.525377552135982
v -30.240199049032714 76.57971408504757 46.54504653490599
v -30.542917721756762 75.5868760728487 47.54731149055128
v -91.85773257203516 40.25466135633441 -5.971775347110221
v -31.557004159856252 76.45264560806332 48.09864873993175
v -31.254285487132204 77.4454836202622 47.09638378428646
v -91.5550138993111 41.24749936853329 -6.974040302755508
v -90.24666526982666 -33.68864307960226 41.11275859010837
v -88.38367004123869 -32.89236680389921 42.25053318160843
v -90.96136813584259 41.20321095892345 -5.384834896529636
v -92.82436336443057 40.4069346832204 -6.522609488029698
v -88.85959380280029 -34.66239753209304 39.52305007542151
v -91.4372918974042 39.43318023072962 -8.112318002716567
v -89.57429666881622 40.22945650643267 -6.974543411216505
v -86.99659857421231 -33.86612125638999 40.66082466692157
v -5.56981451536965 54.98598667627194 -2.421934668839363
v -5.2260477623474415 55.260813949985554 -1.1793702044015717
v -87.9741061356826 -34.0951906049687 41.47716793477206
v -88.31787288870481 -34.37001787868231 40.23460347033427
v -6.521099335021226 55.89643082393071 -2.360122816915755
v -89.26915770835637 -33.459573731023546 40.29641532225788
v -88.92539095533417 -33.184746457309934 41.53897978669567
v -6.177332581999018 56.17125809764432 -1.117558352477964
v 16.718311526908074 -43.02467908881261 95.74533174297551
v 17.295500349202698 -42.49944564813814 96.13878940536952
v -5.905078004454312 56.00894742859776 -1.3273204199439945
v -6.482266826748935 55.48371398792329 -1.7207780823380077
v 17.35850926074265 -43.360095731417395 95.2539372239402
v -5.842069092914356 55.148297345318504 -2.2121726013733323
v -5.264880270619733 55.67353078599297 -1.8187149389793191
v 17.935698083037273 -42.834862290742926 95.64739488633421
v 55.28133051019896 -50.04831429860183 34.36240075440625
v 55.0620951323017 -51.422282241965675 34.401994309701536
v 16.63757743718144 -43.53507819481317 95.33998909581271
v 16.856812815078705 -42.16111025144932 95.30039554051743
v 56.440949867884164 -50.21166723189488 35.11474274738583
v 18.016432172763906 -42.32446318474237 96.05273753349701
v 17.797196794866643 -43.698431128106215 96.09233108879229
v 56.2217144899869 -51.58563517525872 35.154336302681116
v 29.59076717697812 -28.929873833505233 35.13912392269204
v 29.839538541375294 -28.65112857648301 35.663703282823725
v 56.04032741581996 -50.473094044768835 34.834016382292226
v 55.79155605142279 -50.75183930179106 34.309437022160544
v 29.261928709921232 -29.338889960805894 35.51240757532664
v 55.462717584365905 -51.16085542909172 34.68272067479514
v 55.711488948763076 -50.882110172069495 35.207300034926824
v 29.510700074318407 -29.06014470378367 36.03698693545832
v 77.17235496702067 -32.62330417982485 -12.523391885432247
v 77.29466427701999 -31.56212443785807 -12.470468388299587
v 29.989997167143798 -28.526602044411188 35.987522158240274
v 29.867687857144475 -29.587781786377967 35.934598661107614
v 76.41613719402892 -32.498938886324595 -13.26940184662977
v 29.111470084152728 -29.463416492877716 35.18858869991009
v 29.23377939415205 -28.402236750910937 35.24151219704275
v 76.53844650402824 -31.43775914435782 -13.216478349497109
v -74.22413175313392 -15.38279396582266 14.386828413494946
v -74.53070750636314 -16.652887486819303 13.414618456301973
v 76.75759421600813 -33.16778401277288 -12.717454960346299
v 77.06416996923735 -31.897690491776235 -11.745245003153325
v -74.33509446733046 -14.378382785456218 13.10965814206521
v 76.95320725504081 -30.893279311409792 -13.02241527458306
v 76.64663150181158 -32.16337283240644 -13.994625231776034
v -74.64167022055969 -15.64847630645286 12.137448184872238
v 30.467577045292472 -3.3805406480592213 -2.1934801355612237
v 30.720730317150043 -5.773589305343228 -2.16683825210281
v -74.46473467817283 -16.74219249386534 12.08303576468182
v -74.7178879500304 -14.34914383658133 12.056393881223407
v 30.7843976998021 -3.3204745898880725 0.19136681690072876
v -74.40106729552078 -14.289077778410181 14.44124083368536
v -74.1479140236632 -16.68212643569419 14.467882717143773
v 31.03755097165967 -5.71352324717208 0.21800870035914244
v 67.31325059842894 10.512828060798437 -87.95251904327958
v 68.22636693403983 10.238250893677328 -87.6102860834439
v 31.112161333212224 -5.1650029687915 -0.9435733811559999
v 30.19904499760133 -4.890425801670391 -1.2858063409916838
v 67.50717228456752 11.474192936029029 -87.69861075633398
v 30.392966683739917 -3.9290609264397984 -1.0318980540460814
v 31.30608301935081 -4.203638093560907 -0.6896650942103975
v 68.42028862017841 11.19961576890792 -87.3563777964983
v 5.758719266983096 -61.29537427534621 -25.90299373209228
v 5.6693811831249015 -61.07893477386059 -25.740613041113807
v 67.71148684085908 10.984457656931774 -87.66079477273566
v 67.80082492471728 10.76801815544615 -87.82317546371412
v 5.979946720014102 -61.33540625801778 -25.727920335420368
v 68.02205237774828 10.727986172774585 -87.64810206704222
v 67.93271429389009 10.94442567426021 -87.48572137606374
v 5.890608636155907 -61.11896675653215 -25.565539644441895
v -37.673388629992324 15.578671485174887 56.04013916140366
v -37.586604105958195 15.064393785518355 56.56585388832222
v 6.210177260429276 -61.339057936852846 -25.405359806408114
v 6.123392736395147 -60.824780237196315 -25.93107453332668
v -38.35763072367774 15.328168627345683 55.908040124604284
v 5.439150642709734 -61.07528309502552 -26.063173570126054
v 5.525935166743864 -61.58956079468205 -25.53745884320749
v -38.27084619964361 14.813890927689151 56.43375485152285
v -48.82444282434675 83.20290794508844 33.506905040249784
v -46.41266662666448 83.67940378166028 33.91771524773714
v -36.501787547190276 15.107469117971355 55.26922733549362
v -38.91356374487254 14.630973281399527 54.85841712800626
v -49.35332636191987 83.8570279585816 35.853154589676414
v -39.44244728244566 15.285093294892683 57.20466667743289
v -37.0306710847634 15.761589131464511 57.61547688492025
v -46.941550164237604 84.33352379515344 36.26396479716377
v -91.54836278812657 -37.6706650932614 -98.97470177184137
v -90.26778584004941 -37.66601221872549 -99.38987963541113
v -47.106016921800844 83.25924327941561 35.09372668435084
v -48.386593869878 83.2545904048797 35.50890454792061
v -91.82174498503208 -36.64806703731485 -99.80646316669923
v -48.659976066783514 84.27718846082627 34.677143153062744
v -47.37939911870636 84.28184133536217 34.26196528949298
v -90.54116803695493 -36.643414162778946 -100.221641030269
v -82.52359291223473 -6.208765070467722 -52.746979210555565
v -84.62431503253521 -4.207717747661746 -53.78812563505346
v -93.198676339692 -36.92135643242692 -99.36210786035042
v -91.09795421939153 -38.92240375523289 -98.32096143585252
v -80.31649317823268 -4.679084138848257 -54.26025271646298
v -88.89085448538947 -37.392722823613425 -99.83423494175995
v -90.99157660568994 -35.39167550080745 -100.87538136625784
v -82.41721529853315 -2.6780368160422796 -55.301399140960875
v 45.939953948180346 -71.22991577193896 24.695894435154457
v 47.05933943702749 -71.90222221046918 22.25072906864807
v -81.24540121823796 -3.564051054369415 -55.27640259372953
v -82.3647867070851 -2.891744615839201 -52.83123722722314
v 44.6093336627355 -73.66092198824035 24.75515590459071
v -83.69540699252994 -5.322750832140585 -52.77197575778689
v -82.5760215036828 -5.995057270670799 -55.21714112429328
v 45.72871915158265 -74.33322842677056 22.30999053808432
v 4.289479850182467 53.07473473774015 36.90458726930208
v 3.1277461563228783 52.519299374313256 38.37667492501064
v 45.974540886639865 -72.88140909812566 24.875153534480553
v 47.13627458049945 -72.32597373469878 23.40306587877199
v 2.8473374828061466 52.718973371855064 35.63225282928831
v 45.69413221312313 -72.68173510058386 22.130731438758225
v 44.532398519263545 -73.23717046401075 23.60281909446679
v 1.6856037889465583 52.16353800842817 37.104340484996875
v 32.8197888740549 -39.562120111485875 13.044118030796346
v 35.83703806430937 -38.549526311661275 13.116585670563493
v 4.592219345028537 52.72910993406676 38.57930071769182
v 1.5749701547740749 51.71651613424216 38.506833077924675
v 32.627683013381315 -38.76947343362648 9.966911989478804
v 1.3828642941004894 52.50916281210156 35.42962703660713
v 4.400113484354955 53.52175661192616 35.50209467637428
v 35.644932203635776 -37.75687963380188 10.039379629245952
v -74.48463571337277 19.189918277664674 66.54732783195155
v -75.61447844246003 19.505687271297255 63.90621336559278
v 33.02410847075886 -39.789781339052304 10.342390299902362
v 34.15395119984612 -40.105550332684885 12.983504766261142
v -73.19797430628707 21.766250204114108 66.30493042583035
v 35.44061260693182 -37.52921840623545 12.741107360139935
v 34.310769877844564 -37.21344941260287 10.099992893781156
v -74.32781703537432 22.08201919774669 63.66381595947157
v -94.4029762578563 -27.66622191113617 -11.556463635471424
v -95.14940126872935 -29.641968474010625 -10.073474681116444
v -75.98553226397239 20.10670046423128 65.85099694890258
v -75.23910725309935 22.082447027105736 64.36800799454758
v -91.99078948953168 -28.583431927061824 -11.564324787498457
v -72.82692048477472 21.165237011180082 64.36014684252055
v -73.57334549564777 19.189490448305627 65.84313579687554
v -92.73721450040472 -30.55917848993628 -10.081335833143477
v 63.447753274653294 -46.981872384730416 -92.82396267169688
v 63.20951886459095 -44.807280092084945 -93.71989597315746
v -93.13653324214802 -27.576209210464754 -10.32355017306525
v -92.89829883208567 -29.750801503110225 -9.427616871604663
v 62.342394590626 -47.88026207222788 -94.71059509564185
v -94.00365751611297 -30.649191190607688 -11.31424929554965
v -94.24189192617531 -28.474598897962217 -12.210182597010238
v 62.10416018056365 -45.70566977958241 -95.60652839710244
v -29.732296441819614 83.28980400852797 -80.06521085774583
v -31.945598104393568 81.69989144363404 -80.23269520224885
v 61.66493763288736 -47.275727436930936 -92.94073286927335
v 63.87823929546131 -45.68581487203701 -92.77324852477032
v -29.723559914951323 83.56380415318307 -82.78172053250148
v 63.8869758223296 -45.411814727381916 -95.48975819952598
v 61.67367415975565 -47.00172729227583 -95.657242544029
v -31.936861577525278 81.97389158828915 -82.9492048770045
v -64.72259603123442 54.277501492288394 -71.98814918006548
v -63.42326046798828 52.88686418392825 -71.6994088800269
v -30.144120471000825 82.16841285611656 -80.42959334643965
v -31.443456034246957 83.5590501644767 -80.71833364647823
v -64.8041775453315 53.81373406851225 -73.85463792189793
v -31.525037548344052 83.09528274070055 -82.58482238831068
v -30.22570198509792 81.70464543234041 -82.2960820882721
v -63.504841982085374 52.423096760152106 -73.56589762185935
v -91.86208477157999 -56.47584989457224 -49.64280533543471
v -94.14223210700148 -56.14725294933043 -50.970571435794454
v -64.65984899285921 53.112635205484374 -74.56035265250644
v -62.37970165743772 52.78403826024256 -73.2325865521467
v -93.04997213460284 -55.67192510785868 -47.40391293270637
v -63.567589020460574 53.587963046956126 -70.99369414941836
v -65.84773635588206 53.91655999219794 -72.3214602497781
v -95.33011947002433 -55.343328162616864 -48.731679033066115
v -43.45779872626459 -48.357885922387766 -84.76288570824866
v -44.40124007739595 -47.538162593974 -85.87905145026448
v -93.89136691003159 -54.77558000779811 -49.362653660225114
v -92.94792555890024 -55.595303336211884 -48.24648791820929
v -43.810710498937084 -49.806180635566875 -85.52822849831509
v -93.30083733157272 -57.04359804939099 -49.01183070827571
v -94.24427868270408 -56.22387472097722 -50.12799645029153
v -44.75415185006844 -48.9864573071531 -86.64439424033091
v -32.48680594427198 -84.41100348285985 13.989772021932815
v -33.90758623409789 -87.1103464797265 13.137369575082765
v -43.40806508944499 -50.64828894595507 -86.4933938834005
v -41.98728479961909 -47.94894594908841 -85.64099143655045
v -35.30340663154092 -83.15811181735725 14.71687739330418
v -44.80388548688802 -46.69605428358582 -84.91388606517907
v -46.224665776713934 -49.39539728045247 -85.76628851202912
v -36.72418692136682 -85.85745481422391 13.86447494645413
v 29.441163774133194 15.911238317920251 48.85453285397031
v 29.182297937571086 15.99264716113268 49.09183991520197
v -34.650001551429504 -85.19056381995215 14.171709829715653
v -34.391135714867396 -85.27197266316458 13.934402768483992
v 29.27130817479128 16.10531650395322 48.602667224157614
v -34.56099131420931 -85.07789447713161 13.682537138671293
v -34.81985715077142 -84.99648563391918 13.919844199902954
v 29.01244233822917 16.18672534716565 48.839974285389275
v -84.98414130461022 -7.543532532057936 -45.70147565685151
v -83.49429026250152 -7.770341868821971 -47.41698529205974
v 30.02853860620455 14.812562932487824 48.1873108698041
v 28.538687564095852 15.039372269251858 49.902820505012336
v -85.09776136254825 -5.297504068711719 -46.09709989230836
v 28.425067506157816 17.285400732598077 49.507196269555486
v 29.914918548266513 17.058591395834043 47.79168663434725
v -83.60791032043956 -5.524313405475754 -47.81260952751659
v -67.85996260697875 -36.49327581809934 75.83246461431168
v -67.01429547674562 -34.428815867914075 76.20275173395125
v -84.909768960528 -5.120582621003518 -46.329352779718505
v -85.75543609076112 -7.185042571188779 -46.699639899358075
v -65.78680918073943 -37.25549656344073 75.34737210902016
v -83.68228266452181 -7.947263316530174 -47.184732404649594
v -82.83661553428867 -5.882803366344911 -46.814445285010024
v -64.9411420505063 -35.19103661325547 75.71765922865973
v -82.86197910266416 62.39711031361011 -0.3068581593398747
v -83.3322674203578 61.03204931960545 -1.936558501684253
v -67.68991092633632 -36.48161139294079 75.22834956973503
v -67.2196226086427 -35.11655039893613 76.85804991207942
v -80.75355022517019 62.31095967413222 -0.8431337981829259
v -65.11119373114872 -35.20270103841402 76.32177427323637
v -65.58148204884235 -36.567762032418685 74.69207393089198
v -81.22383854286382 60.945898680127556 -2.472834140527304
v 9.745909197680547 48.84340029004505 -40.36108217702534
v 8.700557415138093 50.07213759836246 -43.09815025469511
v -82.13004421729596 63.73482156402993 -2.2742548763372064
v -81.0846924347535 62.506084255712516 0.462813201332569
v 8.874828204202032 45.94550346404027 -41.32933280188787
v -81.95577342823202 59.60818742970774 -0.5054374235299726
v -83.00112521077448 60.836924738025154 -3.242505501199748
v 7.829476421659578 47.174240772357685 -44.06640087955765
v -22.351790297036 -32.91700119018083 -59.41795714089244
v -22.1209573765974 -32.537943197518544 -61.48847267483014
v 9.883266081553717 47.79962987647768 -43.21272108940811
v 9.652433161115116 47.4205718838154 -41.14220555547041
v -24.31210392036471 -32.119561888071175 -59.4905135525969
v 7.692119537786407 48.21801118592505 -41.21476196717487
v 7.922952458225009 48.59706917858733 -43.285277501112574
v -24.081270999926108 -31.740503895408892 -61.5610290865346
v -29.992488621623387 -77.52744551101951 64.2508088230227
v -31.81805705783263 -77.31783510198764 64.21405364286078
v -24.221838149090086 -33.084110210281835 -60.817800004367996
v -22.396269712880844 -33.2937206193137 -60.78104482420608
v -29.807442056614565 -75.80711976701369 64.87066742416972
v -22.211223147872023 -31.573394875307887 -60.16118622305905
v -24.036791584081264 -31.363784466276012 -60.197941403220966
v -31.633010492823807 -75.59750935798182 64.8339122440078
v -53.12134481819078 -27.830427196348882 -27.964391798970922
v -50.70421714066773 -26.36721451214112 -27.733045006462305
v -28.92213396273491 -76.84376895765472 63.938243652094854
v -31.33926164025796 -78.30698164186248 63.70689685958624
v -54.4854483296451 -25.80463146583301 -26.524811243621514
v -32.70336515171228 -76.28118591134661 65.14647741493565
v -30.286237474189235 -74.81797322713885 65.37782420744426
v -52.068320652122054 -24.341418781625247 -26.293464451112897
v 70.92561276372983 -82.44491292519984 58.30370010783753
v 70.31225016667055 -80.48770015500628 60.4305704082016
v -53.7858707843702 -26.094206898092285 -25.412362911861706
v -53.172508187310925 -28.05141966828585 -27.53923321222578
v 72.69432626509813 -80.47113233679585 56.9974399818412
v -51.40379468594263 -26.077639079881845 -28.845493338222113
v -52.01715728300191 -24.12042630968828 -26.718623037858038
v 72.08096366803885 -78.51391956660228 59.12431028220527
v 46.48910395446647 -80.6124100562242 -75.18966456102606
v 47.83024035346628 -79.62982602984737 -75.43063643155577
v 72.65598591239333 -80.66940059068041 58.49886153324755
v 71.31484951339353 -81.65198461705725 58.739833403777254
v 45.52484496044829 -79.24985734028867 -75.00034910800804
v 70.35059051937534 -80.28943190112172 58.92914885679528
v 71.69172691837515 -79.30684787474488 58.688176986265574
v 46.8659813594481 -78.26727331391183 -75.24132097853774
v 84.3843538467196 89.9830236701626 -39.3352272425666
v 86.64926313355328 89.85725575415799 -41.2440528477746
v 46.91311556643909 -79.05857465597981 -77.26336099687518
v 44.64820627960542 -78.9328067399752 -75.35453539166718
v 86.17811731458967 89.09472169598158 -37.14831639358807
v 46.44196974747548 -79.82110871415622 -73.16762454268864
v 48.706879034309154 -79.94687663016083 -75.07645014789664
v 88.44302660142334 88.96895377997697 -39.05714199879606
v -40.29752046469463 -18.28632187082622 53.517362589731185
v -39.37883230532461 -18.380820686908784 54.6515552278421
v 86.5732653021289 90.02812517201218 -38.336337780367806
v 85.65457714275888 90.12262398809474 -39.470530418478724
v -39.697982461439466 -19.485093580793567 52.93186154721507
v 86.25411514601404 88.92385227812738 -40.05603146099484
v 87.17280330538406 88.82935346204482 -38.92183882288392
v -38.779294302069445 -19.57959239687613 54.06605418532599
v 15.433756088170647 -69.22417551438765 -44.23291868181434
v 17.190494886465878 -68.09277320872278 -43.80499773398209
v -38.292866898920856 -19.165813431412843 54.609673060604806
v -40.04960569721609 -20.29721573707772 54.18175211277256
v 14.699413917543517 -67.62706061359944 -45.44092708013454
v -40.78394786784322 -18.700100836289508 52.973743714452354
v -39.027209069547986 -17.56869853062463 53.4016646622846
v 16.456152715838748 -66.49565830793456 -45.013006132302294
v 55.85041155292847 -58.25961862150153 79.01141854896245
v 55.138654494798864 -55.09029219734257 78.95236664270577
v 14.089097008262094 -66.60222256548685 -44.121608363391616
v 14.8008540663917 -69.77154898964581 -44.06255645713493
v 58.85036928228407 -57.60568088869108 77.94965855537238
v 17.8008117957473 -69.11761125683536 -45.124316450725004
v 17.089054737617694 -65.9482848326764 -45.18336835698169
v 58.138612224154464 -54.43635446453213 77.8906066491157
v -85.98631412455428 14.590366723378956 -53.134024138237876
v -85.81045114658814 15.56018509109672 -52.79816206297464
v 57.44758350431057 -55.80248496309144 78.25278664015813
v 57.271720526344424 -56.7723033308092 77.9169245648949
v -86.71659437812635 14.469181931245934 -52.40171014521276
v 56.54144027277236 -56.89348812294222 78.64923855792001
v 56.71730325073851 -55.92366975522446 78.98510063318325
v -86.5407314001602 15.439000298963698 -52.065848069949524
v 81.77055443695197 -3.493679463923307 -94.1177402998736
v 82.1989131514329 -4.783168986920668 -91.71759692291462
v -86.32015669578179 13.15922078313574 -52.001996319055536
v -86.74851541026273 14.448710306133101 -54.402139696014515
v 82.312181018282 -1.0722435308494944 -92.91347649299095
v -86.20688882893269 16.870146239206914 -53.197875889131865
v -85.77853011445175 15.580656716209553 -50.797732512172885
v 82.74053973276294 -2.361733053846855 -90.51333311603197
v 54.23728839960603 71.65602157309237 34.51006649587491
v 55.84557624279441 72.09493407529126 34.59626645665875
v 82.89447827690614 -2.016934909432287 -92.70999162683421
v 81.28619043371776 -2.4558474116311757 -92.79619158761805
v 54.56771385869703 70.27339137638566 35.3851762944216
v 81.61661589280877 -3.8384776083378753 -91.92108178907137
v 83.22490373599715 -3.3995651061389864 -91.83488182828752
v 56.17600170188541 70.71230387858455 35.47137625520544
v -49.668765939832724 -34.007046923956985 -42.12806091148846
v -51.42446683788272 -33.04504941322637 -41.0186616881889
v 54.196849785784664 72.41234881045315 34.688697850326264
v 55.95255068383466 71.45035129972254 33.5792986270267
v -49.40487630796059 -35.50142158245573 -40.41461463776109
v 56.21644031570679 69.9559766412238 35.29274490075407
v 54.4607394176568 70.91797415195441 36.402144124053635
v -51.160577206010586 -34.539424071725115 -39.30521541446153
v -1.4932190739296765 -87.04697214385934 72.32839126795419
v -2.4935273494419086 -85.30159750877216 73.55157561508265
v -51.888128312052174 -34.04974901697476 -39.974651885647106
v -50.887820036539935 -35.79512365206193 -41.19783623277557
v 0.45338612881912255 -85.74857047050473 72.06760306042689
v -48.941214833791136 -34.49672197870733 -41.45862444030287
v -49.941523109303375 -32.751347343620154 -40.235440093174404
v -0.5469221466931096 -84.00319583541756 73.29078740755536
v -97.75517631642175 -17.85026135487484 44.30720504579452
v -99.20430105137498 -19.653143705911567 45.048238850091494
v -1.7594722196964767 -85.95468476258105 74.29904145851857
v -0.3103474847432466 -84.15180241154434 73.5580076542216
v -97.72549783260482 -18.79394216002634 42.06933460856389
v -0.2806690009263093 -85.09548321669584 71.32013721699097
v -1.7297937358795394 -86.89836556773255 72.06117102128795
v -99.17462256755805 -20.596824511063065 42.81036841286087
v 51.471404623347254 -66.188441082254 -11.913563568603301
v 51.1861603215162 -67.18419283927493 -11.83178065128866
v -98.78334295114304 -19.711194681461365 43.1109288689284
v -98.49809864931198 -18.715442924440445 43.029145951613756
v 51.82304733982248 -66.2088893422901 -10.936064930490062
v -98.14645593283676 -18.735891184476543 44.006644589726996
v -98.43170023466782 -19.731642941497462 44.08842750704164
v 51.537803037991424 -67.20464109931103 -10.854282013175421
v -45.29922460529074 15.815964057237558 23.99787570752484
v -45.90111128183079 15.646330144117918 22.718050625003876
v 50.823640920514755 -67.3288000522453 -11.772556113581892
v 51.4255275970548 -67.15916613912566 -10.492731031060927
v -44.53918546152162 16.910848067043496 23.495317270388945
v 52.18556674082392 -66.06428212931974 -10.995289468196823
v 51.583680064283875 -66.23391604243938 -12.275114550717788
v -45.141072138061666 16.741214153923856 22.21549218786798
v 10.315910344207921 -48.695893472328514 -71.83737699777697
v 12.635799941890745 -49.032255441489745 -70.20727396892607
v -44.59265137956674 14.885885222039093 24.426818380193204
v -46.91254097724956 15.22224719120032 22.796715351342293
v 11.380805957671818 -46.24684767440651 -72.84754283391965
v -45.84764536378567 17.67129298912233 21.786549515199617
v -43.52775576610284 17.334931019961097 23.416652544050528
v 13.700695555354642 -46.58320964356774 -71.21743980506875
v 93.40043244391266 -11.986953416653826 -83.58497495302304
v 93.82040088078473 -12.947033384545634 -83.54328223050331
v 12.164818660371225 -48.16554509730173 -72.02617316241776
v 11.744850223499157 -47.20546512940992 -72.06786588493749
v 93.50736945960485 -11.89504630583842 -82.5457527085135
v 11.851787239191339 -47.11355801859452 -71.02864364042796
v 12.271755676063407 -48.073637986486325 -70.98695091790823
v 93.92733789647691 -12.855126273730228 -82.50405998599378
v -4.903081578332248 53.14504882786172 2.0118248112968686
v -4.791203052838057 53.72161250987477 1.6944076033828495
v 93.4797108105298 -12.207088019904454 -83.4228724689199
v 93.3678322850356 -12.783651701917499 -83.10545526100589
v -4.42285433350807 53.29370885929962 2.4511176022058336
v 93.84805952985978 -12.6349916704796 -82.6661624700969
v 93.95993805535397 -12.058427988466555 -82.98357967801093
v -4.310975808013879 53.870272541312666 2.1337003942918145
v -43.90686472372472 -18.521274984118925 -11.529443985477545
v -43.55448734669885 -18.48784788117387 -12.671962571117913
v -3.9354083219528526 53.22191086159906 1.6454558413025824
v -4.287785698978727 53.18848375865401 2.7879744269429496
v -44.89772808913928 -17.91634823519761 -11.817349048134393
v -5.278649064393274 53.793410507575324 2.5000693642861025
v -4.9262716873674 53.82683761052038 1.3575507786457353
v -44.545350712113404 -17.882921132252555 -12.95986763377476
v 32.48194740822379 -38.22734460477854 79.45873982812165
v 31.86140656039032 -38.95318223307928 79.8136499997632
v -44.28979781465958 -18.9123870243725 -12.346485934350667
v -43.66925696682611 -18.18654939607175 -12.701396105992217
v 31.988786753871352 -37.53260430070576 80.01731024921223
v -44.16241762117855 -17.49180909199898 -12.142825684901638
v -44.782958469012016 -18.21764672029973 -11.787915513260089
v 31.368245906037885 -38.25844192900651 80.37222042085378
v -5.88967496335367 -1.3603631885687548 -1.1867482764430406
v -6.467200000338508 -3.4803179823952703 -1.8490864446510642
v 30.6165833936617 -39.185256843760065 80.09703342508429
v 31.194108430646537 -37.06530204993355 80.75937159329231
v -3.8501734734002326 -1.5955908286601854 -2.2121930458442165
v 33.233609920599974 -37.30052969002498 79.73392682389114
v 32.65608488361514 -39.420484483851496 79.07158865568312
v -4.427698510385071 -3.715545622486701 -2.87453121405224
v 70.63291283460826 -15.430554508924994 -17.843321890658657
v 70.8786048916688 -15.495211901891919 -16.558763493023264
v -5.1425710563946865 -3.216132322620238 -1.4004550748829416
v -5.388263113455224 -3.151474929653313 -2.6850134725183343
v 70.84637353071943 -14.138856067706898 -17.81913283375266
v -5.174802417344054 -1.8597764884352177 -2.660824415612338
v -4.9291103602835165 -1.9244338814021429 -1.3762660179769455
v 71.09206558777997 -14.203513460673824 -16.534574436117268
v 80.17457158370212 93.71426875452448 -75.88683906780238
v 81.20891946122497 93.07749011152063 -76.87918187162157
v 70.7938302063548 -15.33906859496684 -18.165072752233378
v 69.75948232883195 -14.702289951962975 -17.17272994841418
v 81.3462374709036 94.12155933185548 -74.92693269393075
v 70.93114821603344 -14.294999374631978 -16.212823574542547
v 71.96549609355628 -14.931778017635843 -17.205166378361746
v 82.38058534842645 93.48478068885163 -75.91927549774994
v 82.8934187856291 11.147722865565775 12.133513093894265
v 84.11885689241194 12.616907764177618 13.456280117202027
v 80.90232362425658 94.76483215000457 -74.80478586362797
v 79.67688551747374 93.29564725139272 -76.12755288693573
v 84.86936657602735 10.286292907544585 11.259737278905646
v 81.65283330787199 92.43421729337155 -77.00132870192435
v 82.87827141465483 93.90340219198339 -75.67856167861659
v 86.09480468281019 11.755477806156428 12.582504302213408
v 60.00613165740537 -89.66748518196664 -40.51473391317111
v 59.47785830749583 -89.45006338274726 -40.682531068655365
v 84.35175809882779 11.661715030444334 12.022095486337715
v 84.88003144873731 11.44429323122494 12.189892641821967
v 59.762565578279556 -89.87029277191371 -40.01070464522313
v 84.6364653696115 11.241485641277869 12.693921909769958
v 84.10819201970197 11.458907440497264 12.526124754285707
v 59.234292228370016 -89.65287097269433 -40.17850180070738
v -37.56603688199987 -71.10333965268431 -75.959367599518
v -37.61912299825587 -68.46883550335959 -74.30585661925005
v 60.16439998261085 -87.56549187608917 -40.74020838141743
v 60.21748609886685 -90.1999960254139 -42.393719361685385
v -38.70749907770219 -72.6582079058422 -73.51867557029368
v 59.07602390316453 -91.75486427857179 -39.95302733246106
v 59.022937786908535 -89.12036012924706 -38.29951635219311
v -38.760585193958185 -70.02370375651748 -71.86516459002573
v -49.59936582135576 30.440450006270787 -82.15627000430091
v -48.853837642757725 30.477135366346694 -82.68993722229652
v -38.05355990199224 -70.60318944428471 -74.55051412549611
v -38.799088080590266 -70.6398748043606 -74.0168469075005
v -49.073339914731314 30.556470845714294 -81.41344116084804
v -38.273062173965826 -70.5238539649171 -73.27401806404762
v -37.52753399536779 -70.4871686048412 -73.80768528204324
v -48.327811736133285 30.5931562057902 -81.94710837884365
v -41.741479318500254 39.078464989109364 -21.44327001861922
v -41.61851213439156 40.28085829535106 -21.640146674857956
v -49.506246043793254 31.190898521817157 -82.0822500754329
v -49.62921322790195 29.988505215575458 -81.88537341919415
v -40.53319760429409 38.93266746377774 -21.57902490713673
v -48.420931513695784 29.84270769024383 -82.02112830771166
v -48.29796432958709 31.04510099648553 -82.2180049639504
v -40.41023042018539 40.135060770019436 -21.775901563375466
v -86.36203487169595 -85.0109663459468 19.10906539147634
v -86.08857730925163 -85.2636274092277 18.63548270591036
v -40.689506659251165 39.4426712935304 -21.682095222548515
v -40.962964221695486 39.695332356811285 -21.208512536982536
v -86.86127372943494 -84.93544423715969 18.780501569012703
v -41.462203079434474 39.7708544655984 -21.53707635944617
v -41.18874551699015 39.518193402317515 -22.01065904501215
v -86.58781616699062 -85.18810530044058 18.306918883446723
v 9.427871452176753 -77.07283333369239 81.73099567703717
v 9.243285501814732 -77.0038557206627 82.00220543971746
v -86.57644788484478 -85.22864119831615 18.87892288715035
v -86.39186193448276 -85.29761881134584 18.60771312447007
v 9.446330232817708 -76.74564497041777 81.66034394033981
v -86.37340315384179 -84.97043044807123 18.537061387772713
v -86.55798910420381 -84.90145283504154 18.808271150452992
v 9.261744282455687 -76.67666735738808 81.9315537030201
v -36.99894864477944 -36.856532963263774 65.54310940546644
v -35.40433526447152 -35.138690221483955 65.39590755884798
v 10.300784369625397 -76.2605841617737 80.62022936608504
v 8.706170989317478 -77.97842690355353 80.7674312127035
v -37.316288269089874 -36.36702258901701 67.81799820673517
v 8.388831365007043 -77.48891652930676 83.04232001397223
v 9.983444745314962 -75.77107378752694 82.89511816735377
v -35.721674888781955 -34.64917984723719 67.67079636011671
v 98.14396572220716 -41.4192153638784 6.730012045441217
v 99.10091635455595 -42.108476889386424 8.999504624401862
v -36.05536147591678 -37.32828616194125 67.44106478563388
v -37.012312108265576 -36.63902463643323 65.17157220667323
v 98.49101577282815 -38.95761737600489 7.33128081871725
v -36.66526205764458 -34.17742664855972 65.77284097994927
v -35.70831142529579 -34.86668817406774 68.04233355890992
v 99.44796640517694 -39.64687890151291 9.600773397677894
v -16.173124534659117 -85.925607782387 -57.627774652129226
v -17.681228343139075 -85.69257783472267 -55.08646257372773
v 97.6717804638439 -39.024018854948736 9.08870954735611
v 99.17988427232387 -39.25704880261307 6.547397468954603
v -15.432857143442796 -88.71063439021651 -56.93309622532083
v 99.9201516635402 -42.04207541044258 7.242075895763005
v 98.41204785506022 -41.80904546277824 9.783387974164505
v -16.940960951922754 -88.47760444255218 -54.39178414691932
v 91.61730390260561 -6.667947295110459 -43.462650947597986
v 93.24191295151424 -9.011264435407746 -42.77158828740211
v -15.417960656933317 -88.56466947902052 -57.08149715638378
v -17.04256970584194 -86.22135233872322 -57.77255981657966
v 90.963748778799 -6.285137702305896 -40.628152773683105
v -17.696124829648554 -85.83854274591866 -54.93806164266478
v -16.07151578073993 -88.18185988621596 -54.2469989824689
v 92.58835782770763 -8.628454842603183 -39.93709011348723
v -38.793600464704234 -44.369845738247335 17.556244694670568
v -38.567614073155305 -44.35652195244935 18.061121021074854
v 92.15020011110701 -7.3737093363512685 -41.4251266825267
v 91.92421371955808 -7.387033122149255 -41.93000300893099
v -38.66235256505612 -44.90550541746045 17.51163332504305
v 92.0554616192062 -7.922692801362373 -41.974614378558506
v 92.28144801075513 -7.909369015564387 -41.46973805215422
v -38.43636617350719 -44.89218163166247 18.016509651447336
v 61.51206884893299 -95.62115954059966 33.434757640990746
v 62.05989166606731 -94.6455522251126 33.06410091860053
v -38.32234978012632 -43.943222641809896 18.155107470516153
v -38.87017259726064 -44.91882995729697 18.525764192906372
v 61.47462458810855 -96.0211343114026 32.32664032368612
v -38.907616858085085 -45.31880472809991 17.41764687560175
v -38.35979404095077 -44.34319741261284 17.04699015321153
v 62.022447405242865 -95.04552699591554 31.955983601295905
v -41.63965793684252 -58.58418729537488 -56.009633349640346
v -41.8613979134151 -59.937194537902826 -56.30059999734302
v 61.19068142603708 -96.04587343180069 33.07231819927056
v 61.41242140260966 -94.69286618927273 33.36328484697324
v -40.7082445113134 -58.51213421081664 -57.05449515359749
v 62.343834828138775 -94.6208131047145 32.31842304301609
v 62.122094851566196 -95.97382034724245 32.027456395313415
v -40.92998448788598 -59.865141453344584 -57.34546180130017
v 91.28393682341677 -60.163469575076846 -80.19521927388314
v 91.46976751722404 -62.50368823712131 -78.90152152735361
v -41.38765142308985 -61.048101155032334 -57.18440988498963
v -41.573482116897125 -58.70788249298787 -58.47810763151916
v 91.67542793867524 -58.856814675776114 -77.88779690831484
v -41.18199100163865 -57.40122759368714 -56.17068526595087
v -40.996160307831374 -59.7414462557316 -54.87698751942134
v 91.86125863248252 -61.19703333782058 -76.59409916178531
v 75.49193829422768 1.5718091047608134 68.51047761901201
v 74.94767672877109 1.3814778350627783 68.53042250788944
v 91.3914667358755 -61.02351529354459 -78.26902592973876
v 91.93572830133209 -60.833184023846556 -78.28897081861619
v 75.30993871291938 2.0680055092545366 68.2791559316985
v 91.75372872002379 -60.336987619352826 -78.5202925059297
v 91.20946715456719 -60.52731888905086 -78.50034761705227
v 74.76567714746278 1.8776742395565016 68.29910082057593
v -30.74722234051655 64.96691863867731 -63.24427769816517
v -30.418862617880272 65.34644354728657 -63.32505495368178
v 75.41710671999843 1.7711064505379284 68.19520365547754
v 75.08874699736214 1.391581541928673 68.27598091099415
v -30.995460616186655 65.25371399052803 -62.90588382504895
v 74.84050872169203 1.6783768937793866 68.61437478411037
v 75.16886844432833 2.057901802388642 68.53359752859376
v -30.667100893550376 65.63323889913728 -62.98666108056556
v 64.58543276652166 -61.61509265067563 93.51697602456878
v 64.04203445897508 -62.013018287193354 93.52369365134396
v -30.84079669323357 64.90853877521133 -63.351422625032
v -30.29739838568699 65.30646441172905 -63.358140251807185
v 64.3093046113753 -61.2299382998014 93.99560012267725
v -30.573526540833356 65.69161876260327 -62.87951615369872
v -31.116924848379938 65.29369312608554 -62.87279852692353
v 63.765906303828714 -61.62786393631912 94.00231774945243
v 63.52353583703132 -63.95082884522591 -90.67507395111701
v 62.70408174235932 -63.91116106604009 -90.67085271964424
v 63.7857427657044 -61.191956551618865 93.75560089004836
v 64.6051968603764 -61.231624330804685 93.75137965857559
v 63.4839352813009 -64.7702045497971 -90.66276072571975
v 64.56559630464598 -62.051000035375885 93.76369288397285
v 63.74614220997398 -62.011332256190066 93.76791411544562
v 62.664481186628905 -64.73053677061128 -90.65853949424698
v -74.51464215774473 87.78168073350994 2.038775864017559
v -76.33129360953961 87.04988154743657 0.5097331535539311
v 61.81549947558605 -65.54340141436899 -90.59101308063771
v 63.632150927380934 -64.81160222829561 -89.0619703701741
v -73.7742755370515 89.45531876033735 0.35814586946536764
v 64.37251754807417 -63.13796420146821 -90.74260036472629
v 62.55586609627929 -63.86976338754158 -92.2716430751899
v -75.59092698884638 88.72351957426397 -1.1708968409982603
v -13.88637412820021 -82.97612104685771 -58.95263910682992
v -12.20507663102127 -82.48598063998074 -58.607343381657174
v -74.28924947663715 88.17774083253212 1.4361990853353497
v -75.97054697381608 87.68760042565515 1.09090336016261
v -13.732146824338074 -82.3362619972711 -60.61186252930858
v -75.81631966995396 88.32745947524177 -0.5683200623160509
v -74.13502217277502 88.81759988211874 -0.22302433714331116
v -12.050849327159135 -81.84612159039412 -60.266566804135834
v 81.7750818659807 0.755203981107627 -65.97719427208031
v 82.84212607316462 -0.45893968537768615 -65.7491311470191
v -12.386599186061723 -83.12724398210773 -60.30300054577942
v -13.453643393245635 -81.91310031562242 -60.531063670840624
v 81.67810098992871 0.973305641585938 -64.36233596642603
v -13.550624269297622 -81.6949986551441 -58.91620536518634
v -12.48358006211371 -82.90914232162942 -58.68814224012514
v 82.74514519711263 -0.2408380248993751 -64.13427284136482
v 5.297234074690849 8.132992717279652 39.48873661945038
v 4.13370698400108 6.348773550697771 38.74222674124495
v 82.36701652477133 -1.322920678428047 -64.85799801018132
v 83.5305436154611 0.4612984881538318 -64.11148813197589
v 3.91990099755175 9.508980863762119 38.34675564816247
v 82.153210538322 1.8372866346362993 -65.2534691032638
v 80.98968344763223 0.05306746805441964 -65.99997898146923
v 2.756373906861981 7.72476169718024 37.60024576995704
v 76.62661274423243 38.05619240863962 62.57012279320576
v 77.8274765362107 35.82612650999001 61.58407754454202
v 4.792472242804109 7.432771182021703 36.85292167635773
v 3.591608450825845 9.662837080671306 37.838966925021474
v 76.29614003215531 36.818338560406495 64.96721658123397
v 3.2611357387487203 8.424983232438187 40.23606071304969
v 4.461999530726985 6.194917333788585 39.250015464385946
v 77.49700382413357 34.58827266175689 63.981171332570234
v 55.472806846362694 57.80097621756474 30.344121605819854
v 57.75433510353028 58.697978691818435 29.53465944400811
v 78.32109946711029 35.75657042208417 62.08115181399536
v 76.0395712099427 34.85956794783047 62.890613975807106
v 55.23575273767571 59.82930291804661 31.923649941793386
v 75.80251710125572 36.88789464831234 64.47014231178063
v 78.08404535842331 37.784897122566036 63.6606801499689
v 57.5172809948433 60.726305392300304 31.11418777998164
v 25.983078196412418 12.058050150126828 76.83563979086514
v 25.953663906298384 13.938319422997846 78.66656344596376
v 55.279708255549664 60.56358911921238 31.255817000582883
v 55.3091225456637 58.68331984634136 29.424893345484268
v 28.384335236405054 11.338422794438134 77.6132388305995
v 57.71037958565633 57.96369249065266 30.202492385218616
v 57.68096529554229 59.84396176352368 32.033416040317235
v 28.35492094629102 13.218692067309153 79.44416248569812
v 35.291110602606516 -31.171812203530912 55.664161848081946
v 35.23451159580754 -31.310042082394375 55.91504568623137
v 26.99951870686912 12.561209977260944 78.22905953653671
v 27.056117713668094 12.699439856124407 77.97817569838729
v 35.57347332477274 -31.155719819480282 55.7367288897212
v 27.338480435834317 12.715532240175037 78.05074274002655
v 27.281881429035344 12.577302361311574 78.30162657817597
v 35.516874317973766 -31.293949698343745 55.987612727870626
v -14.193345232826218 47.18729973841287 -92.46590270995183
v -13.541410738791427 47.17458263796008 -92.68907083281381
v 35.67435530518155 -31.54690363495026 55.56939977144462
v 35.02242081114676 -31.534186534497472 55.7925678943066
v -14.082136428574245 47.802628005985945 -92.17609579975051
v 35.13362961539873 -30.918858266924396 56.08237480450792
v 35.78556410943352 -30.931575367377185 55.859206681645944
v -13.430201934539454 47.789910905533155 -92.39926392261249
v 85.85650009376064 -27.80736753090052 47.15479562232815
v 86.38590218107683 -28.57381056350691 46.35797589311801
v -13.10028080092875 47.51381298924183 -92.92700639439624
v -13.62968288824495 48.28025602184822 -92.1301866651861
v 84.96291661556867 -28.624225898044543 47.346822049346144
v -14.523266366436921 47.463397654704195 -91.93816023816811
v -13.993864279120722 46.696954622097806 -92.73497996737825
v 85.49231870288486 -29.390668930650932 46.550002320136
v -0.32155868814931665 9.688852422700961 76.61635625698823
v -0.6567980509239888 8.972149849720175 76.5591434754259
v 85.60233902078858 -29.03220782430541 47.201416581335266
v 85.93757838356325 -28.315505251324623 47.25862936289759
v -0.5126572958556537 9.83852903677954 75.86110825521952
v 85.74647977585693 -28.165828637246044 46.50338136112889
v 85.41124041308225 -28.88253121022683 46.44616857956657
v -0.8478966586303258 9.121826463798755 75.80389547365719
v -55.13122359677139 2.0207283620990593 -16.19173123648587
v -56.46556700258786 1.7693783646463848 -15.37032941020427
v -1.3910725308933216 10.060722305928309 76.6337487248654
v -0.05672912507684558 10.312072303380983 75.8123468985838
v -54.85287728758087 0.4586126392894849 -16.217575129289635
v 0.22161718411367914 8.749956580571407 75.78650300578002
v -1.112726221702797 8.498606583118733 76.60790483206162
v -56.187220693397336 0.20726264183681042 -15.396173303008034
v -21.29303371507402 5.984857491266597 -12.223630030311973
v -21.3121925709528 4.858300828472784 -10.918591598492512
v -55.49909326560551 -0.09030322776219979 -15.692293753566588
v -55.47993440972674 1.0362534350316128 -16.99733218538605
v -21.632450329910494 7.266898287933054 -11.121908630853241
v -55.819351024563204 2.3182942316980695 -15.895610785927317
v -55.83850988044199 1.1917375689042569 -14.590572354107856
v -21.651609185789273 6.140341625139241 -9.81687019903378
v -79.12337301913747 -11.023288045787705 99.0385507801177
v -78.7054605858704 -10.577487700496881 99.32460131628108
v -21.478876277899342 6.53449812802284 -10.950424592628444
v -21.896788711166426 6.088697782732016 -11.236475128791817
v -78.692350930935 -11.521284840136722 99.18495027219222
v -21.465766622963958 5.590700988382999 -11.090075636717309
v -21.047854189696874 6.036501333673822 -10.804025100553936
v -78.27443849766793 -11.075484494845899 99.4710008083556
v 3.2774190076475733 93.78229967001684 81.76693345951861
v 2.6181761377593986 94.34660158126363 82.08378964177508
v -78.86706160579172 -10.819804037556388 99.8427668092822
v -78.20781873590354 -11.384105948803175 99.52591062702572
v 2.9544878325374455 93.88743711574281 80.90780761168399
v -78.53074991101369 -11.278968503077216 98.6667847791911
v -79.18999278090186 -10.71466659183043 98.98364096144758
v 2.295244962649271 94.4517390269896 81.22466379394046
v 34.771389709483365 -18.95318366793635 -12.216121041355315
v 35.30624052097616 -18.577384566873995 -12.484334862560097
v 3.2719801989138606 94.16609398844935 81.60234437549559
v 2.7371293874210743 93.790294887387 81.87055819670036
v 34.33494409344528 -18.675533846766264 -12.697426360092187
v 2.3006837713829817 94.06794470855709 81.38925287796349
v 2.8355345828757716 94.44374380961943 81.12103905675872
v 34.86979490493806 -18.29973474570391 -12.965640181296969
v 100.09364182884295 37.448755584613096 65.38763048003746
v 100.48681301260463 36.44172390400159 65.77423641741468
v 35.45022444799925 -19.10526364184601 -12.773609778240342
v 35.05705326423757 -18.098231961234504 -13.160215715617568
v 99.22754873102757 37.39933277405335 66.13969475124308
v 34.19096016642219 -18.14765477179425 -12.408151444411942
v 34.58413135018387 -19.154686452405755 -12.021545507034716
v 99.62071991478925 36.392301093441844 66.52630068862031
v 63.50219561133195 10.843055689989066 72.86738147156623
v 63.62198255049557 11.673632922353574 75.91076160494578
v 98.9329671163367 38.53571630114955 67.1899221221604
v 98.81318017717308 37.70513906878504 64.14654198878085
v 65.47041006145437 8.44325699810942 73.44484852928275
v 100.7813946272955 35.30534037690539 64.72400904649737
v 100.90118156645912 36.1359176092699 67.76738917987691
v 65.59019700061799 9.273834230473929 76.4882286626623
vt 0.0 0.9921875
vt 0.0078125 0.9921875
vt 0.0078125 1.0
vt 0.0 1.0
vt 0.0078125 0.9921875
vt 0.015625 0.9921875
vt 0.015625 1.0
vt 0.0078125 1.0
vt 0.015625 0.9921875
vt 0.0234375 0.9921875
vt 0.0234375 1.0
vt 0.015625 1.0
vt 0.0234375 0.9921875
vt 0.03125 0.9921875
vt 0.03125 1.0
vt 0.0234375 1.0
vt 0.03125 0.9921875
vt 0.0390625 0.9921875
vt 0.0390625 1.0
vt 0.03125 1.0
vt 0.0390625 0.9921875
vt 0.046875 0.9921875
vt 0.046875 1.0
vt 0.0390625 1.0
vt 0.046875 0.9921875
vt 0.0546875 0.9921875
vt 0.0546875 1.0
vt 0.046875 1.0
vt 0.0546875 0.9921875
vt 0.0625 0.9921875
vt 0.0625 1.0
vt 0.0546875 1.0
vt 0.0625 0.9921875
vt 0.0703125 0.9921875
vt 0.0703125 1.0
vt 0.0625 1.0
vt 0.0703125 0.9921875
vt 0.078125 0.9921875
vt 0.078125 1.0
vt 0.0703125 1.0
vt 0.078125 0.9921875
vt 0.0859375 0.9921875
vt 0.0859375 1.0
vt 0.078125 1.0
vt 0.0859375 0.9921875
vt 0.09375 0.9921875
vt 0.09375 1.0
vt 0.0859375 1.0
vt 0.09375 0.9921875
vt 0.1015625 0.9921875
vt 0.1015625 1.0
vt 0.09375 1.0
vt 0.1015625 0.9921875
vt 0.109375 0.9921875
vt 0.109375 1.0
vt 0.1015625 1.0
vt 0.109375 0.9921875
vt 0.1171875 0.9921875
vt 0.1171875 1.0
vt 0.109375 1.0
vt 0.1171875 0.9921875
vt 0.125 0.9921875
vt 0.125 1.0
vt 0.1171875 1.0
vt 0.125 0.9921875
vt 0.1328125 0.9921875
vt 0.1328125 1.0
vt 0.125 1.0
vt 0.1328125 0.9921875
vt 0.140625 0.9921875
vt 0.140625 1.0
vt 0.1328125 1.0
vt 0.140625 0.9921875
vt 0.1484375 0.9921875
vt 0.1484375 1.0
vt 0.140625 1.0
vt 0.1484375 0.9921875
vt 0.15625 0.9921875
vt 0.15625 1.0
vt 0.1484375 1.0
vt 0.15625 0.9921875
vt 0.1640625 0.9921875
vt 0.1640625 1.0
vt 0.15625 1.0
vt 0.1640625 0.9921875
vt 0.171875 0.9921875
vt 0.171875 1.0
vt 0.1640625 1.0
vt 0.171875 0.9921875
vt 0.1796875 0.9921875
vt 0.1796875 1.0
vt 0.171875 1.0
vt 0.1796875 0.9921875
vt 0.1875 0.9921875
vt 0.1875 1.0
vt 0.1796875 1.0
vt 0.1875 0.9921875
vt 0.1953125 0.9921875
vt 0.1953125 1.0
vt 0.1875 1.0
vt 0.1953125 0.9921875
vt 0.203125 0.9921875
vt 0.203125 1.0
vt 0.1953125 1.0
vt 0.203125 0.9921875
vt 0.2109375 0.9921875
vt 0.2109375 1.0
vt 0.203125 1.0
vt 0.2109375 0.9921875
vt 0.21875 0.9921875
vt 0.21875 1.0
vt 0.2109375 1.0
vt 0.21875 0.9921875
vt 0.2265625 0.9921875
vt 0.2265625 1.0
vt 0.21875 1.0
vt 0.2265625 0.9921875
vt 0.234375 0.9921875
vt 0.234375 1.0
vt 0.2265625 1.0
vt 0.234375 0.9921875
vt 0.2421875 0.9921875
vt 0.2421875 1.0
vt 0.234375 1.0
vt 0.2421875 0.9921875
vt 0.25 0.9921875
vt 0.25 1.0
vt 0.2421875 1.0
vt 0.25 0.9921875
vt 0.2578125 0.9921875
vt 0.2578125 1.0
vt 0.25 1.0
vt 0.2578125 0.9921875
vt 0.265625 0.9921875
vt 0.265625 1.0
vt 0.2578125 1.0
vt 0.265625 0.9921875
vt 0.2734375 0.9921875
vt 0.2734375 1.0
vt 0.265625 1.0
vt 0.2734375 0.9921875
vt 0.28125 0.9921875
vt 0.28125 1.0
vt 0.2734375 1.0
vt 0.28125 0.9921875
vt 0.2890625 0.9921875
vt 0.2890625 1.0
vt 0.28125 1.0
vt 0.2890625 0.9921875
vt 0.296875 0.9921875
vt 0.296875 1.0
vt 0.2890625 1.0
vt 0.296875 0.9921875
vt 0.3046875 0.9921875
vt 0.3046875 1.0
vt 0.296875 1.0
vt 0.3046875 0.9921875
vt 0.3125 0.9921875
vt 0.3125 1.0
vt 0.3046875 1.0
vt 0.3125 0.9921875
vt 0.3203125 0.9921875
vt 0.3203125 1.0
vt 0.3125 1.0
vt 0.3203125 0.9921875
vt 0.328125 0.9921875
vt 0.328125 1.0
vt 0.3203125 1.0
vt 0.328125 0.9921875
vt 0.3359375 0.9921875
vt 0.3359375 1.0
vt 0.328125 1.0
vt 0.3359375 0.9921875
vt 0.34375 0.9921875
vt 0.34375 1.0
vt 0.3359375 1.0
vt 0.34375 0.9921875
vt 0.3515625 0.9921875
vt 0.3515625 1.0
vt 0.34375 1.0
vt 0.3515625 0.9921875
vt 0.359375 0.9921875
vt 0.359375 1.0
vt 0.3515625 1.0
vt 0.359375 0.9921875
vt 0.3671875 0.9921875
vt 0.3671875 1.0
vt 0.359375 1.0
vt 0.3671875 0.9921875
vt 0.375 0.9921875
vt 0.375 1.0
vt 0.3671875 1.0
vt 0.375 0.9921875
vt 0.3828125 0.9921875
vt 0.3828125 1.0
vt 0.375 1.0
vt 0.3828125 0.9921875
vt 0.390625 0.9921875
vt 0.390625 1.0
vt 0.3828125 1.0
vt 0.390625 0.9921875
vt 0.3984375 0.9921875
vt 0.3984375 1.0
vt 0.390625 1.0
vt 0.3984375 0.9921875
vt 0.40625 0.9921875
vt 0.40625 1.0
vt 0.3984375 1.0
vt 0.40625 0.9921875
vt 0.4140625 0.9921875
vt 0.4140625 1.0
vt 0.40625 1.0
vt 0.4140625 0.9921875
vt 0.421875 0.9921875
vt 0.421875 1.0
vt 0.4140625 1.0
vt 0.421875 0.9921875
vt 0.4296875 0.9921875
vt 0.4296875 1.0
vt 0.421875 1.0
vt 0.4296875 0.9921875
vt 0.4375 0.9921875
vt 0.4375 1.0
vt 0.4296875 1.0
vt 0.4375 0.9921875
vt 0.4453125 0.9921875
vt 0.4453125 1.0
vt 0.4375 1.0
vt 0.4453125 0.9921875
vt 0.453125 0.9921875
vt 0.453125 1.0
vt 0.4453125 1.0
vt 0.453125 0.9921875
vt 0.4609375 0.9921875
vt 0.4609375 1.0
vt 0.453125 1.0
vt 0.4609375 0.9921875
vt 0.46875 0.9921875
vt 0.46875 1.0
vt 0.4609375 1.0
vt 0.46875 0.9921875
vt 0.4765625 0.9921875
vt 0.4765625 1.0
vt 0.46875 1.0
vt 0.4765625 0.9921875
vt 0.484375 0.9921875
vt 0.484375 1.0
vt 0.4765625 1.0
vt 0.484375 0.9921875
vt 0.4921875 0.9921875
vt 0.4921875 1.0
vt 0.484375 1.0
vt 0.4921875 0.9921875
vt 0.5 0.9921875
vt 0.5 1.0
vt 0.4921875 1.0
vt 0.5 0.9921875
vt 0.5078125 0.9921875
vt 0.5078125 1.0
vt 0.5 1.0
vt 0.5078125 0.9921875
vt 0.515625 0.9921875
vt 0.515625 1.0
vt 0.5078125 1.0
vt 0.515625 0.9921875
vt 0.5234375 0.9921875
vt 0.5234375 1.0
vt 0.515625 1.0
vt 0.5234375 0.9921875
vt 0.53125 0.9921875
vt 0.53125 1.0
vt 0.5234375 1.0
vt 0.53125 0.9921875
vt 0.5390625 0.9921875
vt 0.5390625 1.0
vt 0.53125 1.0
vt 0.5390625 0.9921875
vt 0.546875 0.9921875
vt 0.546875 1.0
vt 0.5390625 1.0
vt 0.546875 0.9921875
vt 0.5546875 0.9921875
vt 0.5546875 1.0
vt 0.546875 1.0
vt 0.5546875 0.9921875
vt 0.5625 0.9921875
vt 0.5625 1.0
vt 0.5546875 1.0
vt 0.5625 0.9921875
vt 0.5703125 0.9921875
vt 0.5703125 1.0
vt 0.5625 1.0
vt 0.5703125 0.9921875
vt 0.578125 0.9921875
vt 0.578125 1.0
vt 0.5703125 1.0
vt 0.578125 0.9921875
vt 0.5859375 0.9921875
vt 0.5859375 1.0
vt 0.578125 1.0
vt 0.5859375 0.9921875
vt 0.59375 0.9921875
vt 0.59375 1.0
vt 0.5859375 1.0
vt 0.59375 0.9921875
vt 0.6015625 0.9921875
vt 0.6015625 1.0
vt 0.59375 1.0
vt 0.6015625 0.9921875
vt 0.609375 0.9921875
vt 0.609375 1.0
vt 0.6015625 1.0
vt 0.609375 0.9921875
vt 0.6171875 0.9921875
vt 0.6171875 1.0
vt 0.609375 1.0
vt 0.6171875 0.9921875
vt 0.625 0.9921875
vt 0.625 1.0
vt 0.6171875 1.0
vt 0.625 0.9921875
vt 0.6328125 0.9921875
vt 0.6328125 1.0
vt 0.625 1.0
vt 0.6328125 0.9921875
vt 0.640625 0.9921875
vt 0.640625 1.0
vt 0.6328125 1.0
vt 0.640625 0.9921875
vt 0.6484375 0.9921875
vt 0.6484375 1.0
vt 0.640625 1.0
vt 0.6484375 0.9921875
vt 0.65625 0.9921875
vt 0.65625 1.0
vt 0.6484375 1.0
vt 0.65625 0.9921875
vt 0.6640625 0.9921875
vt 0.6640625 1.0
vt 0.65625 1.0
vt 0.6640625 0.9921875
vt 0.671875 0.9921875
vt 0.671875 1.0
vt 0.6640625 1.0
vt 0.671875 0.9921875
vt 0.6796875 0.9921875
vt 0.6796875 1.0
vt 0.671875 1.0
vt 0.6796875 0.9921875
vt 0.6875 0.9921875
vt 0.6875 1.0
vt 0.6796875 1.0
vt 0.6875 0.9921875
vt 0.6953125 0.9921875
vt 0.6953125 1.0
vt 0.6875 1.0
vt 0.6953125 0.9921875
vt 0.703125 0.9921875
vt 0.703125 1.0
vt 0.6953125 1.0
vt 0.703125 0.9921875
vt 0.7109375 0.9921875
vt 0.7109375 1.0
vt 0.703125 1.0
vt 0.7109375 0.9921875
vt 0.71875 0.9921875
vt 0.71875 1.0
vt 0.7109375 1.0
vt 0.71875 0.9921875
vt 0.7265625 0.9921875
vt 0.7265625 1.0
vt 0.71875 1.0
vt 0.7265625 0.9921875
vt 0.734375 0.9921875
vt 0.734375 1.0
vt 0.7265625 1.0
vt 0.734375 0.9921875
vt 0.7421875 0.9921875
vt 0.7421875 1.0
vt 0.734375 1.0
vt 0.7421875 0.9921875
vt 0.75 0.9921875
vt 0.75 1.0
vt 0.7421875 1.0
vt 0.75 0.9921875
vt 0.7578125 0.9921875
vt 0.7578125 1.0
vt 0.75 1.0
vt 0.7578125 0.9921875
vt 0.765625 0.9921875
vt 0.765625 1.0
vt 0.7578125 1.0
vt 0.765625 0.9921875
vt 0.7734375 0.9921875
vt 0.7734375 1.0
vt 0.765625 1.0
vt 0.7734375 0.9921875
vt 0.78125 0.9921875
vt 0.78125 1.0
vt 0.7734375 1.0
vt 0.78125 0.9921875
vt 0.7890625 0.9921875
vt 0.7890625 1.0
vt 0.78125 1.0
vt 0.7890625 0.9921875
vt 0.796875 0.9921875
vt 0.796875 1.0
vt 0.7890625 1.0
vt 0.796875 0.9921875
vt 0.8046875 0.9921875
vt 0.8046875 1.0
vt 0.796875 1.0
vt 0.8046875 0.9921875
vt 0.8125 0.9921875
vt 0.8125 1.0
vt 0.8046875 1.0
vt 0.8125 0.9921875
vt 0.8203125 0.9921875
vt 0.8203125 1.0
vt 0.8125 1.0
vt 0.8203125 0.9921875
vt 0.828125 0.9921875
vt 0.828125 1.0
vt 0.8203125 1.0
vt 0.828125 0.9921875
vt 0.8359375 0.9921875
vt 0.8359375 1.0
vt 0.828125 1.0
vt 0.8359375 0.9921875
vt 0.84375 0.9921875
vt 0.84375 1.0
vt 0.8359375 1.0
vt 0.84375 0.9921875
vt 0.8515625 0.9921875
vt 0.8515625 1.0
vt 0.84375 1.0
vt 0.8515625 0.9921875
vt 0.859375 0.9921875
vt 0.859375 1.0
vt 0.8515625 1.0
vt 0.859375 0.9921875
vt 0.8671875 0.9921875
vt 0.8671875 1.0
vt 0.859375 1.0
vt 0.8671875 0.9921875
vt 0.875 0.9921875
vt 0.875 1.0
vt 0.8671875 1.0
vt 0.875 0.9921875
vt 0.8828125 0.9921875
vt 0.8828125 1.0
vt 0.875 1.0
vt 0.8828125 0.9921875
vt 0.890625 0.9921875
vt 0.890625 1.0
vt 0.8828125 1.0
vt 0.890625 0.9921875
vt 0.8984375 0.9921875
vt 0.8984375 1.0
vt 0.890625 1.0
vt 0.8984375 0.9921875
vt 0.90625 0.9921875
vt 0.90625 1.0
vt 0.8984375 1.0
vt 0.90625 0.9921875
vt 0.9140625 0.9921875
vt 0.9140625 1.0
vt 0.90625 1.0
vt 0.9140625 0.9921875
vt 0.921875 0.9921875
vt 0.921875 1.0
vt 0.9140625 1.0
vt 0.921875 0.9921875
vt 0.9296875 0.9921875
vt 0.9296875 1.0
vt 0.921875 1.0
vt 0.9296875 0.9921875
vt 0.9375 0.9921875
vt 0.9375 1.0
vt 0.9296875 1.0
vt 0.9375 0.9921875
vt 0.9453125 0.9921875
vt 0.9453125 1.0
vt 0.9375 1.0
vt 0.9453125 0.9921875
vt 0.953125 0.9921875
vt 0.953125 1.0
vt 0.9453125 1.0
vt 0.953125 0.9921875
vt 0.9609375 0.9921875
vt 0.9609375 1.0
vt 0.953125 1.0
vt 0.9609375 0.9921875
vt 0.96875 0.9921875
vt 0.96875 1.0
vt 0.9609375 1.0
vt 0.96875 0.9921875
vt 0.9765625 0.9921875
vt 0.9765625 1.0
vt 0.96875 1.0
vt 0.9765625 0.9921875
vt 0.984375 0.9921875
vt 0.984375 1.0
vt 0.9765625 1.0
vt 0.984375 0.9921875
vt 0.9921875 0.9921875
vt 0.9921875 1.0
vt 0.984375 1.0
vt 0.9921875 0.9921875
vt 1.0 0.9921875
vt 1.0 1.0
vt 0.9921875 1.0
vt 0.0 0.984375
vt 0.0078125 0.984375
vt 0.0078125 0.9921875
vt 0.0 0.9921875
vt 0.0078125 0.984375
vt 0.015625 0.984375
vt 0.015625 0.9921875
vt 0.0078125 0.9921875
vt 0.015625 0.984375
vt 0.0234375 0.984375
vt 0.0234375 0.9921875
vt 0.015625 0.9921875
vt 0.0234375 0.984375
vt 0.03125 0.984375
vt 0.03125 0.9921875
vt 0.0234375 0.9921875
vt 0.03125 0.984375
vt 0.0390625 0.984375
vt 0.0390625 0.9921875
vt 0.03125 0.9921875
vt 0.0390625 0.984375
vt 0.046875 0.984375
vt 0.046875 0.9921875
vt 0.0390625 0.9921875
vt 0.046875 0.984375
vt 0.0546875 0.984375
vt 0.0546875 0.9921875
vt 0.046875 0.9921875
vt 0.0546875 0.984375
vt 0.0625 0.984375
vt 0.0625 0.9921875
vt 0.0546875 0.9921875
vt 0.0625 0.984375
vt 0.0703125 0.984375
vt 0.0703125 0.9921875
vt 0.0625 0.9921875
vt 0.0703125 0.984375
vt 0.078125 0.984375
vt 0.078125 0.9921875
vt 0.0703125 0.9921875
vt 0.078125 0.984375
vt 0.0859375 0.984375
vt 0.0859375 0.9921875
vt 0.078125 0.9921875
vt 0.0859375 0.984375
vt 0.09375 0.984375
vt 0.09375 0.9921875
vt 0.0859375 0.9921875
vt 0.09375 0.984375
vt 0.1015625 0.984375
vt 0.1015625 0.9921875
vt 0.09375 0.9921875
vt 0.1015625 0.984375
vt 0.109375 0.984375
vt 0.109375 0.9921875
vt 0.1015625 0.9921875
vt 0.109375 0.984375
vt 0.1171875 0.984375
vt 0.1171875 0.9921875
vt 0.109375 0.9921875
vt 0.1171875 0.984375
vt 0.125 0.984375
vt 0.125 0.9921875
vt 0.1171875 0.9921875
vt 0.125 0.984375
vt 0.1328125 0.984375
vt 0.1328125 0.9921875
vt 0.125 0.9921875
vt 0.1328125 0.984375
vt 0.140625 0.984375
vt 0.140625 0.9921875
vt 0.1328125 0.9921875
vt 0.140625 0.984375
vt 0.1484375 0.984375
vt 0.1484375 0.9921875
vt 0.140625 0.9921875
vt 0.1484375 0.984375
vt 0.15625 0.984375
vt 0.15625 0.9921875
vt 0.1484375 0.9921875
vt 0.15625 0.984375
vt 0.1640625 0.984375
vt 0.1640625 0.9921875
vt 0.15625 0.9921875
vt 0.1640625 0.984375
vt 0.171875 0.984375
vt 0.171875 0.9921875
vt 0.1640625 0.9921875
vt 0.171875 0.984375
vt 0.1796875 0.984375
vt 0.1796875 0.9921875
vt 0.171875 0.9921875
vt 0.1796875 0.984375
vt 0.1875 0.984375
vt 0.1875 0.9921875
vt 0.1796875 0.9921875
vt 0.1875 0.984375
vt 0.1953125 0.984375
vt 0.1953125 0.9921875
vt 0.1875 0.9921875
vt 0.1953125 0.984375
vt 0.203125 0.984375
vt 0.203125 0.9921875
vt 0.1953125 0.9921875
vt 0.203125 0.984375
vt 0.2109375 0.984375
vt 0.2109375 0.9921875
vt 0.203125 0.9921875
vt 0.2109375 0.984375
vt 0.21875 0.984375
vt 0.21875 0.9921875
vt 0.2109375 0.9921875
vt 0.21875 0.984375
vt 0.2265625 0.984375
vt 0.2265625 0.9921875
vt 0.21875 0.9921875
vt 0.2265625 0.984375
vt 0.234375 0.984375
vt 0.234375 0.9921875
vt 0.2265625 0.9921875
vt 0.234375 0.984375
vt 0.2421875 0.984375
vt 0.2421875 0.9921875
vt 0.234375 0.9921875
vt 0.2421875 0.984375
vt 0.25 0.984375
vt 0.25 0.9921875
vt 0.2421875 0.9921875
vt 0.25 0.984375
vt 0.2578125 0.984375
vt 0.2578125 0.9921875
vt 0.25 0.9921875
vt 0.2578125 0.984375
vt 0.265625 0.984375
vt 0.265625 0.9921875
vt 0.2578125 0.9921875
vt 0.265625 0.984375
vt 0.2734375 0.984375
vt 0.2734375 0.9921875
vt 0.265625 0.9921875
vt 0.2734375 0.984375
vt 0.28125 0.984375
vt 0.28125 0.9921875
vt 0.2734375 0.9921875
vt 0.28125 0.984375
vt 0.2890625 0.984375
vt 0.2890625 0.9921875
vt 0.28125 0.9921875
vt 0.2890625 0.984375
vt 0.296875 0.984375
vt 0.296875 0.9921875
vt 0.2890625 0.9921875
vt 0.296875 0.984375
vt 0.3046875 0.984375
vt 0.3046875 0.9921875
vt 0.296875 0.9921875
vt 0.3046875 0.984375
vt 0.3125 0.984375
vt 0.3125 0.9921875
vt 0.3046875 0.9921875
vt 0.3125 0.984375
vt 0.3203125 0.984375
vt 0.3203125 0.9921875
vt 0.3125 0.9921875
vt 0.3203125 0.984375
vt 0.328125 0.984375
vt 0.328125 0.9921875
vt 0.3203125 0.9921875
vt 0.328125 0.984375
vt 0.3359375 0.984375
vt 0.3359375 0.9921875
vt 0.328125 0.9921875
vt 0.3359375 0.984375
vt 0.34375 0.984375
vt 0.34375 0.9921875
vt 0.3359375 0.9921875
vt 0.34375 0.984375
vt 0.3515625 0.984375
vt 0.3515625 0.9921875
vt 0.34375 0.9921875
vt 0.3515625 0.984375
vt 0.359375 0.984375
vt 0.359375 0.9921875
vt 0.3515625 0.9921875
vt 0.359375 0.984375
vt 0.3671875 0.984375
vt 0.3671875 0.9921875
vt 0.359375 0.9921875
vt 0.3671875 0.984375
vt 0.375 0.984375
vt 0.375 0.9921875
vt 0.3671875 0.9921875
vt 0.375 0.984375
vt 0.3828125 0.984375
vt 0.3828125 0.9921875
vt 0.375 0.9921875
vt 0.3828125 0.984375
vt 0.390625 0.984375
vt 0.390625 0.9921875
vt 0.3828125 0.9921875
vt 0.390625 0.984375
vt 0.3984375 0.984375
vt 0.3984375 0.9921875
vt 0.390625 0.9921875
vt 0.3984375 0.984375
vt 0.40625 0.984375
vt 0.40625 0.9921875
vt 0.3984375 0.9921875
vt 0.40625 0.984375
vt 0.4140625 0.984375
vt 0.4140625 0.9921875
vt 0.40625 0.9921875
vt 0.4140625 0.984375
vt 0.421875 0.984375
vt 0.421875 0.9921875
vt 0.4140625 0.9921875
vt 0.421875 0.984375
vt 0.4296875 0.984375
vt 0.4296875 0.9921875
vt 0.421875 0.9921875
vt 0.4296875 0.984375
vt 0.4375 0.984375
vt 0.4375 0.9921875
vt 0.4296875 0.9921875
vt 0.4375 0.984375
vt 0.4453125 0.984375
vt 0.4453125 0.9921875
vt 0.4375 0.9921875
vt 0.4453125 0.984375
vt 0.453125 0.984375
vt 0.453125 0.9921875
vt 0.4453125 0.9921875
vt 0.453125 0.984375
vt 0.4609375 0.984375
vt 0.4609375 0.9921875
vt 0.453125 0.9921875
vt 0.4609375 0.984375
vt 0.46875 0.984375
vt 0.46875 0.9921875
vt 0.4609375 0.9921875
vt 0.46875 0.984375
vt 0.4765625 0.984375
vt 0.4765625 0.9921875
vt 0.46875 0.9921875
vt 0.4765625 0.984375
vt 0.484375 0.984375
vt 0.484375 0.9921875
vt 0.4765625 0.9921875
vt 0.484375 0.984375
vt 0.4921875 0.984375
vt 0.4921875 0.9921875
vt 0.484375 0.9921875
vt 0.4921875 0.984375
vt 0.5 0.984375
vt 0.5 0.9921875
vt 0.4921875 0.9921875
vt 0.5 0.984375
vt 0.5078125 0.984375
vt 0.5078125 0.9921875
vt 0.5 0.9921875
vt 0.5078125 0.984375
vt 0.515625 0.984375
vt 0.515625 0.9921875
vt 0.5078125 0.9921875
vt 0.515625 0.984375
vt 0.5234375 0.984375
vt 0.5234375 0.9921875
vt 0.515625 0.9921875
vt 0.5234375 0.984375
vt 0.53125 0.984375
vt 0.53125 0.9921875
vt 0.5234375 0.9921875
vt 0.53125 0.984375
vt 0.5390625 0.984375
vt 0.5390625 0.9921875
vt 0.53125 0.9921875
vt 0.5390625 0.984375
vt 0.546875 0.984375
vt 0.546875 0.9921875
vt 0.5390625 0.9921875
vt 0.546875 0.984375
vt 0.5546875 0.984375
vt 0.5546875 0.9921875
vt 0.546875 0.9921875
vt 0.5546875 0.984375
vt 0.5625 0.984375
vt 0.5625 0.9921875
vt 0.5546875 0.9921875
vt 0.5625 0.984375
vt 0.5703125 0.984375
vt 0.5703125 0.9921875
vt 0.5625 0.9921875
vt 0.5703125 0.984375
vt 0.578125 0.984375
vt 0.578125 0.9921875
vt 0.5703125 0.9921875
vt 0.578125 0.984375
vt 0.5859375 0.984375
vt 0.5859375 0.9921875
vt 0.578125 0.9921875
vt 0.5859375 0.984375
vt 0.59375 0.984375
vt 0.59375 0.9921875
vt 0.5859375 0.9921875
vt 0.59375 0.984375
vt 0.6015625 0.984375
vt 0.6015625 0.9921875
vt 0.59375 0.9921875
vt 0.6015625 0.984375
vt 0.609375 0.984375
vt 0.609375 0.9921875
vt 0.6015625 0.9921875
vt 0.609375 0.984375
vt 0.6171875 0.984375
vt 0.6171875 0.9921875
vt 0.609375 0.9921875
vt 0.6171875 0.984375
vt 0.625 0.984375
vt 0.625 0.9921875
vt 0.6171875 0.9921875
vt 0.625 0.984375
vt 0.6328125 0.984375
vt 0.6328125 0.9921875
vt 0.625 0.9921875
vt 0.6328125 0.984375
vt 0.640625 0.984375
vt 0.640625 0.9921875
vt 0.6328125 0.9921875
vt 0.640625 0.984375
vt 0.6484375 0.984375
vt 0.6484375 0.9921875
vt 0.640625 0.9921875
vt 0.6484375 0.984375
vt 0.65625 0.984375
vt 0.65625 0.9921875
vt 0.6484375 0.9921875
vt 0.65625 0.984375
vt 0.6640625 0.984375
vt 0.6640625 0.9921875
vt 0.65625 0.9921875
vt 0.6640625 0.984375
vt 0.671875 0.984375
vt 0.671875 0.9921875
vt 0.6640625 0.9921875
vt 0.671875 0.984375
vt 0.6796875 0.984375
vt 0.6796875 0.9921875
vt 0.671875 0.9921875
vt 0.6796875 0.984375
vt 0.6875 0.984375
vt 0.6875 0.9921875
vt 0.6796875 0.9921875
vt 0.6875 0.984375
vt 0.6953125 0.984375
vt 0.6953125 0.9921875
vt 0.6875 0.9921875
vt 0.6953125 0.984375
vt 0.703125 0.984375
vt 0.703125 0.9921875
vt 0.6953125 0.9921875
vt 0.703125 0.984375
vt 0.7109375 0.984375
vt 0.7109375 0.9921875
vt 0.703125 0.9921875
vt 0.7109375 0.984375
vt 0.71875 0.984375
vt 0.71875 0.9921875
vt 0.7109375 0.9921875
vt 0.71875 0.984375
vt 0.7265625 0.984375
vt 0.7265625 0.9921875
vt 0.71875 0.9921875
vt 0.7265625 0.984375
vt 0.734375 0.984375
vt 0.734375 0.9921875
vt 0.7265625 0.9921875
vt 0.734375 0.984375
vt 0.7421875 0.984375
vt 0.7421875 0.9921875
vt 0.734375 0.9921875
vt 0.7421875 0.984375
vt 0.75 0.984375
vt 0.75 0.9921875
vt 0.7421875 0.9921875
vt 0.75 0.984375
vt 0.7578125 0.984375
vt 0.7578125 0.9921875
vt 0.75 0.9921875
vt 0.7578125 0.984375
vt 0.765625 0.984375
vt 0.765625 0.9921875
vt 0.7578125 0.9921875
vt 0.765625 0.984375
vt 0.7734375 0.984375
vt 0.7734375 0.9921875
vt 0.765625 0.9921875
vt 0.7734375 0.984375
vt 0.78125 0.984375
vt 0.78125 0.9921875
vt 0.7734375 0.9921875
vt 0.78125 0.984375
vt 0.7890625 0.984375
vt 0.7890625 0.9921875
vt 0.78125 0.9921875
vt 0.7890625 0.984375
vt 0.796875 0.984375
vt 0.796875 0.9921875
vt 0.7890625 0.9921875
vt 0.796875 0.984375
vt 0.8046875 0.984375
vt 0.8046875 0.9921875
vt 0.796875 0.9921875
vt 0.8046875 0.984375
vt 0.8125 0.984375
vt 0.8125 0.9921875
vt 0.8046875 0.9921875
vt 0.8125 0.984375
vt 0.8203125 0.984375
vt 0.8203125 0.9921875
vt 0.8125 0.9921875
vt 0.8203125 0.984375
vt 0.828125 0.984375
vt 0.828125 0.9921875
vt 0.8203125 0.9921875
vt 0.828125 0.984375
vt 0.8359375 0.984375
vt 0.8359375 0.9921875
vt 0.828125 0.9921875
vt 0.8359375 0.984375
vt 0.84375 0.984375
vt 0.84375 0.9921875
vt 0.8359375 0.9921875
vt 0.84375 0.984375
vt 0.8515625 0.984375
vt 0.8515625 0.9921875
vt 0.84375 0.9921875
vt 0.8515625 0.984375
vt 0.859375 0.984375
vt 0.859375 0.9921875
vt 0.8515625 0.9921875
vt 0.859375 0.984375
vt 0.8671875 0.984375
vt 0.8671875 0.9921875
vt 0.859375 0.9921875
vt 0.8671875 0.984375
vt 0.875 0.984375
vt 0.875 0.9921875
vt 0.8671875 0.9921875
vt 0.875 0.984375
vt 0.8828125 0.984375
vt 0.8828125 0.9921875
vt 0.875 0.9921875
vt 0.8828125 0.984375
vt 0.890625 0.984375
vt 0.890625 0.9921875
vt 0.8828125 0.9921875
vt 0.890625 0.984375
vt 0.8984375 0.984375
vt 0.8984375 0.9921875
vt 0.890625 0.9921875
vt 0.8984375 0.984375
vt 0.90625 0.984375
vt 0.90625 0.9921875
vt 0.8984375 0.9921875
vt 0.90625 0.984375
vt 0.9140625 0.984375
vt 0.9140625 0.9921875
vt 0.90625 0.9921875
vt 0.9140625 0.984375
vt 0.921875 0.984375
vt 0.921875 0.9921875
vt 0.9140625 0.9921875
vt 0.921875 0.984375
vt 0.9296875 0.984375
vt 0.9296875 0.9921875
vt 0.921875 0.9921875
vt 0.9296875 0.984375
vt 0.9375 0.984375
vt 0.9375 0.9921875
vt 0.9296875 0.9921875
vt 0.9375 0.984375
vt 0.9453125 0.984375
vt 0.9453125 0.9921875
vt 0.9375 0.9921875
vt 0.9453125 0.984375
vt 0.953125 0.984375
vt 0.953125 0.9921875
vt 0.9453125 0.9921875
vt 0.953125 0.984375
vt 0.9609375 0.984375
vt 0.9609375 0.9921875
vt 0.953125 0.9921875
vt 0.9609375 0.984375
vt 0.96875 0.984375
vt 0.96875 0.9921875
vt 0.9609375 0.9921875
vt 0.96875 0.984375
vt 0.9765625 0.984375
vt 0.9765625 0.9921875
vt 0.96875 0.9921875
vt 0.9765625 0.984375
vt 0.984375 0.984375
vt 0.984375 0.9921875
vt 0.9765625 0.9921875
vt 0.984375 0.984375
vt 0.9921875 0.984375
vt 0.9921875 0.9921875
vt 0.984375 0.9921875
vt 0.9921875 0.984375
vt 1.0 0.984375
vt 1.0 0.9921875
vt 0.9921875 0.9921875
vt 0.0 0.9765625
vt 0.0078125 0.9765625
vt 0.0078125 0.984375
vt 0.0 0.984375
vt 0.0078125 0.9765625
vt 0.015625 0.9765625
vt 0.015625 0.984375
vt 0.0078125 0.984375
vt 0.015625 0.9765625
vt 0.0234375 0.9765625
vt 0.0234375 0.984375
vt 0.015625 0.984375
vt 0.0234375 0.9765625
vt 0.03125 0.9765625
vt 0.03125 0.984375
vt 0.0234375 0.984375
vt 0.03125 0.9765625
vt 0.0390625 0.9765625
vt 0.0390625 0.984375
vt 0.03125 0.984375
vt 0.0390625 0.9765625
vt 0.046875 0.9765625
vt 0.046875 0.984375
vt 0.0390625 0.984375
vt 0.046875 0.9765625
vt 0.0546875 0.9765625
vt 0.0546875 0.984375
vt 0.046875 0.984375
vt 0.0546875 0.9765625
vt 0.0625 0.9765625
vt 0.0625 0.984375
vt 0.0546875 0.984375
vt 0.0625 0.9765625
vt 0.0703125 0.9765625
vt 0.0703125 0.984375
vt 0.0625 0.984375
vt 0.0703125 0.9765625
vt 0.078125 0.9765625
vt 0.078125 0.984375
vt 0.0703125 0.984375
vt 0.078125 0.9765625
vt 0.0859375 0.9765625
vt 0.0859375 0.984375
vt 0.078125 0.984375
vt 0.0859375 0.9765625
vt 0.09375 0.9765625
vt 0.09375 0.984375
vt 0.0859375 0.984375
vt 0.09375 0.9765625
vt 0.1015625 0.9765625
vt 0.1015625 0.984375
vt 0.09375 0.984375
vt 0.1015625 0.9765625
vt 0.109375 0.9765625
vt 0.109375 0.984375
vt 0.1015625 0.984375
vt 0.109375 0.9765625
vt 0.1171875 0.9765625
vt 0.1171875 0.984375
vt 0.109375 0.984375
vt 0.1171875 0.9765625
vt 0.125 0.9765625
vt 0.125 0.984375
vt 0.1171875 0.984375
vt 0.125 0.9765625
vt 0.1328125 0.9765625
vt 0.1328125 0.984375
vt 0.125 0.984375
vt 0.1328125 0.9765625
vt 0.140625 0.9765625
vt 0.140625 0.984375
vt 0.1328125 0.984375
vt 0.140625 0.9765625
vt 0.1484375 0.9765625
vt 0.1484375 0.984375
vt 0.140625 0.984375
vt 0.1484375 0.9765625
vt 0.15625 0.9765625
vt 0.15625 0.984375
vt 0.1484375 0.984375
vt 0.15625 0.9765625
vt 0.1640625 0.9765625
vt 0.1640625 0.984375
vt 0.15625 0.984375
vt 0.1640625 0.9765625
vt 0.171875 0.9765625
vt 0.171875 0.984375
vt 0.1640625 0.984375
vt 0.171875 0.9765625
vt 0.1796875 0.9765625
vt 0.1796875 0.984375
vt 0.171875 0.984375
vt 0.1796875 0.9765625
vt 0.1875 0.9765625
vt 0.1875 0.984375
vt 0.1796875 0.984375
vt 0.1875 0.9765625
vt 0.1953125 0.9765625
vt 0.1953125 0.984375
vt 0.1875 0.984375
vt 0.1953125 0.9765625
vt 0.203125 0.9765625
vt 0.203125 0.984375
vt 0.1953125 0.984375
vt 0.203125 0.9765625
vt 0.2109375 0.9765625
vt 0.2109375 0.984375
vt 0.203125 0.984375
vt 0.2109375 0.9765625
vt 0.21875 0.9765625
vt 0.21875 0.984375
vt 0.2109375 0.984375
vt 0.21875 0.9765625
vt 0.2265625 0.9765625
vt 0.2265625 0.984375
vt 0.21875 0.984375
vt 0.2265625 0.9765625
vt 0.234375 0.9765625
vt 0.234375 0.984375
vt 0.2265625 0.984375
vt 0.234375 0.9765625
vt 0.2421875 0.9765625
vt 0.2421875 0.984375
vt 0.234375 0.984375
vt 0.2421875 0.9765625
vt 0.25 0.9765625
vt 0.25 0.984375
vt 0.2421875 0.984375
vt 0.25 0.9765625
vt 0.2578125 0.9765625
vt 0.2578125 0.984375
vt 0.25 0.984375
vt 0.2578125 0.9765625
vt 0.265625 0.9765625
vt 0.265625 0.984375
vt 0.2578125 0.984375
vt 0.265625 0.9765625
vt 0.2734375 0.9765625
vt 0.2734375 0.984375
vt 0.265625 0.984375
vt 0.2734375 0.9765625
vt 0.28125 0.9765625
vt 0.28125 0.984375
vt 0.2734375 0.984375
vt 0.28125 0.9765625
vt 0.2890625 0.9765625
vt 0.2890625 0.984375
vt 0.28125 0.984375
vt 0.2890625 0.9765625
vt 0.296875 0.9765625
vt 0.296875 0.984375
vt 0.2890625 0.984375
vt 0.296875 0.9765625
vt 0.3046875 0.9765625
vt 0.3046875 0.984375
vt 0.296875 0.984375
vt 0.3046875 0.9765625
vt 0.3125 0.9765625
vt 0.3125 0.984375
vt 0.3046875 0.984375
vt 0.3125 0.9765625
vt 0.3203125 0.9765625
vt 0.3203125 0.984375
vt 0.3125 0.984375
vt 0.3203125 0.9765625
vt 0.328125 0.9765625
vt 0.328125 0.984375
vt 0.3203125 0.984375
vt 0.328125 0.9765625
vt 0.3359375 0.9765625
vt 0.3359375 0.984375
vt 0.328125 0.984375
vt 0.3359375 0.9765625
vt 0.34375 0.9765625
vt 0.34375 0.984375
vt 0.3359375 0.984375
vt 0.0 0.984375
vt 0.001953125 0.984375
vt 0.001953125 1.0
vt 0.0 1.0
vt 0.001953125 0.984375
vt 0.00390625 0.984375
vt 0.00390625 1.0
vt 0.001953125 1.0
vt 0.00390625 0.984375
vt 0.005859375 0.984375
vt 0.005859375 1.0
vt 0.00390625 1.0
vt 0.005859375 0.984375
vt 0.0078125 0.984375
vt 0.0078125 1.0
vt 0.005859375 1.0
vt 0.0078125 0.984375
vt 0.009765625 0.984375
vt 0.009765625 1.0
vt 0.0078125 1.0
vt 0.009765625 0.984375
vt 0.01171875 0.984375
vt 0.01171875 1.0
vt 0.009765625 1.0
vt 0.01171875 0.984375
vt 0.013671875 0.984375
vt 0.013671875 1.0
vt 0.01171875 1.0
vt 0.013671875 0.984375
vt 0.015625 0.984375
vt 0.015625 1.0
vt 0.013671875 1.0
vt 0.015625 0.984375
vt 0.017578125 0.984375
vt 0.017578125 1.0
vt 0.015625 1.0
vt 0.017578125 0.984375
vt 0.01953125 0.984375
vt 0.01953125 1.0
vt 0.017578125 1.0
vt 0.01953125 0.984375
vt 0.021484375 0.984375
vt 0.021484375 1.0
vt 0.01953125 1.0
vt 0.021484375 0.984375
vt 0.0234375 0.984375
vt 0.0234375 1.0
vt 0.021484375 1.0
vt 0.0234375 0.984375
vt 0.025390625 0.984375
vt 0.025390625 1.0
vt 0.0234375 1.0
vt 0.025390625 0.984375
vt 0.02734375 0.984375
vt 0.02734375 1.0
vt 0.025390625 1.0
vt 0.02734375 0.984375
vt 0.029296875 0.984375
vt 0.029296875 1.0
vt 0.02734375 1.0
vt 0.029296875 0.984375
vt 0.03125 0.984375
vt 0.03125 1.0
vt 0.029296875 1.0
vt 0.03125 0.984375
vt 0.033203125 0.984375
vt 0.033203125 1.0
vt 0.03125 1.0
vt 0.033203125 0.984375
vt 0.03515625 0.984375
vt 0.03515625 1.0
vt 0.033203125 1.0
vt 0.03515625 0.984375
vt 0.037109375 0.984375
vt 0.037109375 1.0
vt 0.03515625 1.0
vt 0.037109375 0.984375
vt 0.0390625 0.984375
vt 0.0390625 1.0
vt 0.037109375 1.0
vt 0.0390625 0.984375
vt 0.041015625 0.984375
vt 0.041015625 1.0
vt 0.0390625 1.0
vt 0.041015625 0.984375
vt 0.04296875 0.984375
vt 0.04296875 1.0
vt 0.041015625 1.0
vt 0.04296875 0.984375
vt 0.044921875 0.984375
vt 0.044921875 1.0
vt 0.04296875 1.0
vt 0.044921875 0.984375
vt 0.046875 0.984375
vt 0.046875 1.0
vt 0.044921875 1.0
vt 0.046875 0.984375
vt 0.048828125 0.984375
vt 0.048828125 1.0
vt 0.046875 1.0
vt 0.048828125 0.984375
vt 0.05078125 0.984375
vt 0.05078125 1.0
vt 0.048828125 1.0
vt 0.05078125 0.984375
vt 0.052734375 0.984375
vt 0.052734375 1.0
vt 0.05078125 1.0
vt 0.052734375 0.984375
vt 0.0546875 0.984375
vt 0.0546875 1.0
vt 0.052734375 1.0
vt 0.0546875 0.984375
vt 0.056640625 0.984375
vt 0.056640625 1.0
vt 0.0546875 1.0
vt 0.056640625 0.984375
vt 0.05859375 0.984375
vt 0.05859375 1.0
vt 0.056640625 1.0
vt 0.05859375 0.984375
vt 0.060546875 0.984375
vt 0.060546875 1.0
vt 0.05859375 1.0
vt 0.060546875 0.984375
vt 0.0625 0.984375
vt 0.0625 1.0
vt 0.060546875 1.0
vt 0.0625 0.984375
vt 0.064453125 0.984375
vt 0.064453125 1.0
vt 0.0625 1.0
vt 0.064453125 0.984375
vt 0.06640625 0.984375
vt 0.06640625 1.0
vt 0.064453125 1.0
vt 0.06640625 0.984375
vt 0.068359375 0.984375
vt 0.068359375 1.0
vt 0.06640625 1.0
vt 0.068359375 0.984375
vt 0.0703125 0.984375
vt 0.0703125 1.0
vt 0.068359375 1.0
vt 0.0703125 0.984375
vt 0.072265625 0.984375
vt 0.072265625 1.0
vt 0.0703125 1.0
vt 0.072265625 0.984375
vt 0.07421875 0.984375
vt 0.07421875 1.0
vt 0.072265625 1.0
vt 0.07421875 0.984375
vt 0.076171875 0.984375
vt 0.076171875 1.0
vt 0.07421875 1.0
vt 0.076171875 0.984375
vt 0.078125 0.984375
vt 0.078125 1.0
vt 0.076171875 1.0
vt 0.078125 0.984375
vt 0.080078125 0.984375
vt 0.080078125 1.0
vt 0.078125 1.0
vt 0.080078125 0.984375
vt 0.08203125 0.984375
vt 0.08203125 1.0
vt 0.080078125 1.0
vt 0.08203125 0.984375
vt 0.083984375 0.984375
vt 0.083984375 1.0
vt 0.08203125 1.0
vt 0.083984375 0.984375
vt 0.0859375 0.984375
vt 0.0859375 1.0
vt 0.083984375 1.0
vt 0.0859375 0.984375
vt 0.087890625 0.984375
vt 0.087890625 1.0
vt 0.0859375 1.0
vt 0.087890625 0.984375
vt 0.08984375 0.984375
vt 0.08984375 1.0
vt 0.087890625 1.0
vt 0.08984375 0.984375
vt 0.091796875 0.984375
vt 0.091796875 1.0
vt 0.08984375 1.0
vt 0.091796875 0.984375
vt 0.09375 0.984375
vt 0.09375 1.0
vt 0.091796875 1.0
vt 0.09375 0.984375
vt 0.095703125 0.984375
vt 0.095703125 1.0
vt 0.09375 1.0
vt 0.095703125 0.984375
vt 0.09765625 0.984375
vt 0.09765625 1.0
vt 0.095703125 1.0
vt 0.09765625 0.984375
vt 0.099609375 0.984375
vt 0.099609375 1.0
vt 0.09765625 1.0
vt 0.099609375 0.984375
vt 0.1015625 0.984375
vt 0.1015625 1.0
vt 0.099609375 1.0
vt 0.1015625 0.984375
vt 0.103515625 0.984375
vt 0.103515625 1.0
vt 0.1015625 1.0
vt 0.103515625 0.984375
vt 0.10546875 0.984375
vt 0.10546875 1.0
vt 0.103515625 1.0
vt 0.10546875 0.984375
vt 0.107421875 0.984375
vt 0.107421875 1.0
vt 0.10546875 1.0
vt 0.107421875 0.984375
vt 0.109375 0.984375
vt 0.109375 1.0
vt 0.107421875 1.0
vt 0.109375 0.984375
vt 0.111328125 0.984375
vt 0.111328125 1.0
vt 0.109375 1.0
vt 0.111328125 0.984375
vt 0.11328125 0.984375
vt 0.11328125 1.0
vt 0.111328125 1.0
vt 0.11328125 0.984375
vt 0.115234375 0.984375
vt 0.115234375 1.0
vt 0.11328125 1.0
vt 0.115234375 0.984375
vt 0.1171875 0.984375
vt 0.1171875 1.0
vt 0.115234375 1.0
vt 0.1171875 0.984375
vt 0.119140625 0.984375
vt 0.119140625 1.0
vt 0.1171875 1.0
vt 0.119140625 0.984375
vt 0.12109375 0.984375
vt 0.12109375 1.0
vt 0.119140625 1.0
vt 0.12109375 0.984375
vt 0.123046875 0.984375
vt 0.123046875 1.0
vt 0.12109375 1.0
vt 0.123046875 0.984375
vt 0.125 0.984375
vt 0.125 1.0
vt 0.123046875 1.0
vt 0.125 0.984375
vt 0.126953125 0.984375
vt 0.126953125 1.0
vt 0.125 1.0
vt 0.126953125 0.984375
vt 0.12890625 0.984375
vt 0.12890625 1.0
vt 0.126953125 1.0
vt 0.12890625 0.984375
vt 0.130859375 0.984375
vt 0.130859375 1.0
vt 0.12890625 1.0
vt 0.130859375 0.984375
vt 0.1328125 0.984375
vt 0.1328125 1.0
vt 0.130859375 1.0
vt 0.1328125 0.984375
vt 0.134765625 0.984375
vt 0.134765625 1.0
vt 0.1328125 1.0
vt 0.134765625 0.984375
vt 0.13671875 0.984375
vt 0.13671875 1.0
vt 0.134765625 1.0
vt 0.13671875 0.984375
vt 0.138671875 0.984375
vt 0.138671875 1.0
vt 0.13671875 1.0
vt 0.138671875 0.984375
vt 0.140625 0.984375
vt 0.140625 1.0
vt 0.138671875 1.0
vt 0.140625 0.984375
vt 0.142578125 0.984375
vt 0.142578125 1.0
vt 0.140625 1.0
vt 0.142578125 0.984375
vt 0.14453125 0.984375
vt 0.14453125 1.0
vt 0.142578125 1.0
vt 0.14453125 0.984375
vt 0.146484375 0.984375
vt 0.146484375 1.0
vt 0.14453125 1.0
vt 0.146484375 0.984375
vt 0.1484375 0.984375
vt 0.1484375 1.0
vt 0.146484375 1.0
vt 0.1484375 0.984375
vt 0.150390625 0.984375
vt 0.150390625 1.0
vt 0.1484375 1.0
vt 0.150390625 0.984375
vt 0.15234375 0.984375
vt 0.15234375 1.0
vt 0.150390625 1.0
vt 0.15234375 0.984375
vt 0.154296875 0.984375
vt 0.154296875 1.0
vt 0.15234375 1.0
vt 0.154296875 0.984375
vt 0.15625 0.984375
vt 0.15625 1.0
vt 0.154296875 1.0
vt 0.15625 0.984375
vt 0.158203125 0.984375
vt 0.158203125 1.0
vt 0.15625 1.0
vt 0.158203125 0.984375
vt 0.16015625 0.984375
vt 0.16015625 1.0
vt 0.158203125 1.0
vt 0.16015625 0.984375
vt 0.162109375 0.984375
vt 0.162109375 1.0
vt 0.16015625 1.0
vt 0.162109375 0.984375
vt 0.1640625 0.984375
vt 0.1640625 1.0
vt 0.162109375 1.0
vt 0.1640625 0.984375
vt 0.166015625 0.984375
vt 0.166015625 1.0
vt 0.1640625 1.0
vt 0.166015625 0.984375
vt 0.16796875 0.984375
vt 0.16796875 1.0
vt 0.166015625 1.0
vt 0.16796875 0.984375
vt 0.169921875 0.984375
vt 0.169921875 1.0
vt 0.16796875 1.0
vt 0.169921875 0.984375
vt 0.171875 0.984375
vt 0.171875 1.0
vt 0.169921875 1.0
vt 0.171875 0.984375
vt 0.173828125 0.984375
vt 0.173828125 1.0
vt 0.171875 1.0
vt 0.173828125 0.984375
vt 0.17578125 0.984375
vt 0.17578125 1.0
vt 0.173828125 1.0
vt 0.17578125 0.984375
vt 0.177734375 0.984375
vt 0.177734375 1.0
vt 0.17578125 1.0
vt 0.177734375 0.984375
vt 0.1796875 0.984375
vt 0.1796875 1.0
vt 0.177734375 1.0
vt 0.1796875 0.984375
vt 0.181640625 0.984375
vt 0.181640625 1.0
vt 0.1796875 1.0
vt 0.181640625 0.984375
vt 0.18359375 0.984375
vt 0.18359375 1.0
vt 0.181640625 1.0
vt 0.18359375 0.984375
vt 0.185546875 0.984375
vt 0.185546875 1.0
vt 0.18359375 1.0
vt 0.185546875 0.984375
vt 0.1875 0.984375
vt 0.1875 1.0
vt 0.185546875 1.0
vt 0.1875 0.984375
vt 0.189453125 0.984375
vt 0.189453125 1.0
vt 0.1875 1.0
vt 0.189453125 0.984375
vt 0.19140625 0.984375
vt 0.19140625 1.0
vt 0.189453125 1.0
vt 0.19140625 0.984375
vt 0.193359375 0.984375
vt 0.193359375 1.0
vt 0.19140625 1.0
vt 0.193359375 0.984375
vt 0.1953125 0.984375
vt 0.1953125 1.0
vt 0.193359375 1.0

g nodes
usemtl nodes
f 1/1 2/2 3/3 4/4
f 5/4 6/1 7/2 8/3
f 1/4 4/1 6/2 5/3
f 4/4 3/1 7/2 6/3
f 3/4 2/1 8/2 7/3
f 2/4 1/1 5/2 8/3
f 9/5 10/6 11/7 12/8
f 13/8 14/5 15/6 16/7
f 9/8 12/5 14/6 13/7
f 12/8 11/5 15/6 14/7
f 11/8 10/5 16/6 15/7
f 10/8 9/5 13/6 16/7
f 17/9 18/10 19/11 20/12
f 21/12 22/9 23/10 24/11
f 17/12 20/9 22/10 21/11
f 20/12 19/9 23/10 22/11
f 19/12 18/9 24/10 23/11
f 18/12 17/9 21/10 24/11
f 25/13 26/14 27/15 28/16
f 29/16 30/13 31/14 32/15
f 25/16 28/13 30/14 29/15
f 28/16 27/13 31/14 30/15
f 27/16 26/13 32/14 31/15
f 26/16 25/13 29/14 32/15
f 33/17 34/18 35/19 36/20
f 37/20 38/17 39/18 40/19
f 33/20 36/17 38/18 37/19
f 36/20 35/17 39/18 38/19
f 35/20 34/17 40/18 39/19
f 34/20 33/17 37/18 40/19
f 41/21 42/22 43/23 44/24
f 45/24 46/21 47/22 48/23
f 41/24 44/21 46/22 45/23
f 44/24 43/21 47/22 46/23
f 43/24 42/21 48/22 47/23
f 42/24 41/21 45/22 48/23
f 49/25 50/26 51/27 52/28
f 53/28 54/25 55/26 56/27
f 49/28 52/25 54/26 53/27
f 52/28 51/25 55/26 54/27
f 51/28 50/25 56/26 55/27
f 50/28 49/25 53/26 56/27
f 57/29 58/30 59/31 60/32
f 61/32 62/29 63/30 64/31
f 57/32 60/29 62/30 61/31
f 60/32 59/29 63/30 62/31
f 59/32 58/29 64/30 63/31
f 58/32 57/29 61/30 64/31
f 65/33 66/34 67/35 68/36
f 69/36 70/33 71/34 72/35
f 65/36 68/33 70/34 69/35
f 68/36 67/33 71/34 70/35
f 67/36 66/33 72/34 71/35
f 66/36 65/33 69/34 72/35
f 73/37 74/38 75/39 76/40
f 77/40 78/37 79/38 80/39
f 73/40 76/37 78/38 77/39
f 76/40 75/37 79/38 78/39
f 75/40 74/37 80/38 79/39
f 74/40 73/37 77/38 80/39
f 81/41 82/42 83/43 84/44
f 85/44 86/41 87/42 88/43
f 81/44 84/41 86/42 85/43
f 84/44 83/41 87/42 86/43
f 83/44 82/41 88/42 87/43
f 82/44 81/41 85/42 88/43
f 89/45 90/46 91/47 92/48
f 93/48 94/45 95/46 96/47
f 89/48 92/45 94/46 93/47
f 92/48 91/45 95/46 94/47
f 91/48 90/45 96/46 95/47
f 90/48 89/45 93/46 96/47
f 97/49 98/50 99/51 100/52
f 101/52 102/49 103/50 104/51
f 97/52 100/49 102/50 101/51
f 100/52 99/49 103/50 102/51
f 99/52 98/49 104/50 103/51
f 98/52 97/49 101/50 104/51
f 105/53 106/54 107/55 108/56
f 109/56 110/53 111/54 112/55
f 105/56 108/53 110/54 109/55
f 108/56 107/53 111/54 110/55
f 107/56 106/53 112/54 111/55
f 106/56 105/53 109/54 112/55
f 113/57 114/58 115/59 116/60
f 117/60 118/57 119/58 120/59
f 113/60 116/57 118/58 117/59
f 116/60 115/57 119/58 118/59
f 115/60 114/57 120/58 119/59
f 114/60 113/57 117/58 120/59
f 121/61 122/62 123/63 124/64
f 125/64 126/61 127/62 128/63
f 121/64 124/61 126/62 125/63
f 124/64 123/61 127/62 126/63
f 123/64 122/61 128/62 127/63
f 122/64 121/61 125/62 128/63
f 129/65 130/66 131/67 132/68
f 133/68 134/65 135/66 136/67
f 129/68 132/65 134/66 133/67
f 132/68 131/65 135/66 134/67
f 131/68 130/65 136/66 135/67
f 130/68 129/65 133/66 136/67
f 137/69 138/70 139/71 140/72
f 141/72 142/69 143/70 144/71
f 137/72 140/69 142/70 141/71
f 140/72 139/69 143/70 142/71
f 139/72 138/69 144/70 143/71
f 138/72 137/69 141/70 144/71
f 145/73 146/74 147/75 148/76
f 149/76 150/73 151/74 152/75
f 145/76 148/73 150/74 149/75
f 148/76 147/73 151/74 150/75
f 147/76 146/73 152/74 151/75
f 146/76 145/73 149/74 152/75
f 153/77 154/78 155/79 156/80
f 157/80 158/77 159/78 160/79
f 153/80 156/77 158/78 157/79
f 156/80 155/77 159/78 158/79
f 155/80 154/77 160/78 159/79
f 154/80 153/77 157/78 160/79
f 161/81 162/82 163/83 164/84
f 165/84 166/81 167/82 168/83
f 161/84 164/81 166/82 165/83
f 164/84 163/81 167/82 166/83
f 163/84 162/81 168/82 167/83
f 162/84 161/81 165/82 168/83
f 169/85 170/86 171/87 172/88
f 173/88 174/85 175/86 176/87
f 169/88 172/85 174/86 173/87
f 172/88 171/85 175/86 174/87
f 171/88 170/85 176/86 175/87
f 170/88 169/85 173/86 176/87
f 177/89 178/90 179/91 180/92
f 181/92 182/89 183/90 184/91
f 177/92 180/89 182/90 181/91
f 180/92 179/89 183/90 182/91
f 179/92 178/89 184/90 183/91
f 178/92 177/89 181/90 184/91
f 185/93 186/94 187/95 188/96
f 189/96 190/93 191/94 192/95
f 185/96 188/93 190/94 189/95
f 188/96 187/93 191/94 190/95
f 187/96 186/93 192/94 191/95
f 186/96 185/93 189/94 192/95
f 193/97 194/98 195/99 196/100
f 197/100 198/97 199/98 200/99
f 193/100 196/97 198/98 197/99
f 196/100 195/97 199/98 198/99
f 195/100 194/97 200/98 199/99
f 194/100 193/97 197/98 200/99
f 201/101 202/102 203/103 204/104
f 205/104 206/101 207/102 208/103
f 201/104 204/101 206/102 205/103
f 204/104 203/101 207/102 206/103
f 203/104 202/101 208/102 207/103
f 202/104 201/101 205/102 208/103
f 209/105 210/106 211/107 212/108
f 213/108 214/105 215/106 216/107
f 209/108 212/105 214/106 213/107
f 212/108 211/105 215/106 214/107
f 211/108 210/105 216/106 215/107
f 210/108 209/105 213/106 216/107
f 217/109 218/110 219/111 220/112
f 221/112 222/109 223/110 224/111
f 217/112 220/109 222/110 221/111
f 220/112 219/109 223/110 222/111
f 219/112 218/109 224/110 223/111
f 218/112 217/109 221/110 224/111
f 225/113 226/114 227/115 228/116
f 229/116 230/113 231/114 232/115
f 225/116 228/113 230/114 229/115
f 228/116 227/113 231/114 230/115
f 227/116 226/113 232/114 231/115
f 226/116 225/113 229/114 232/115
f 233/117 234/118 235/119 236/120
f 237/120 238/117 239/118 240/119
f 233/120 236/117 238/118 237/119
f 236/120 235/117 239/118 238/119
f 235/120 234/117 240/118 239/119
f 234/120 233/117 237/118 240/119
f 241/121 242/122 243/123 244/124
f 245/124 246/121 247/122 248/123
f 241/124 244/121 246/122 245/123
f 244/124 243/121 247/122 246/123
f 243/124 242/121 248/122 247/123
f 242/124 241/121 245/122 248/123
f 249/125 250/126 251/127 252/128
f 253/128 254/125 255/126 256/127
f 249/128 252/125 254/126 253/127
f 252/128 251/125 255/126 254/127
f 251/128 250/125 256/126 255/127
f 250/128 249/125 253/126 256/127
f 257/129 258/130 259/131 260/132
f 261/132 262/129 263/130 264/131
f 257/132 260/129 262/130 261/131
f 260/132 259/129 263/130 262/131
f 259/132 258/129 264/130 263/131
f 258/132 257/129 261/130 264/131
f 265/133 266/134 267/135 268/136
f 269/136 270/133 271/134 272/135
f 265/136 268/133 270/134 269/135
f 268/136 267/133 271/134 270/135
f 267/136 266/133 272/134 271/135
f 266/136 265/133 269/134 272/135
f 273/137 274/138 275/139 276/140
f 277/140 278/137 279/138 280/139
f 273/140 276/137 278/138 277/139
f 276/140 275/137 279/138 278/139
f 275/140 274/137 280/138 279/139
f 274/140 273/137 277/138 280/139
f 281/141 282/142 283/143 284/144
f 285/144 286/141 287/142 288/143
f 281/144 284/141 286/142 285/143
f 284/144 283/141 287/142 286/143
f 283/144 282/141 288/142 287/143
f 282/144 281/141 285/142 288/143
f 289/145 290/146 291/147 292/148
f 293/148 294/145 295/146 296/147
f 289/148 292/145 294/146 293/147
f 292/148 291/145 295/146 294/147
f 291/148 290/145 296/146 295/147
f 290/148 289/145 293/146 296/147
f 297/149 298/150 299/151 300/152
f 301/152 302/149 303/150 304/151
f 297/152 300/149 302/150 301/151
f 300/152 299/149 303/150 302/151
f 299/152 298/149 304/150 303/151
f 298/152 297/149 301/150 304/151
f 305/153 306/154 307/155 308/156
f 309/156 310/153 311/154 312/155
f 305/156 308/153 310/154 309/155
f 308/156 307/153 311/154 310/155
f 307/156 306/153 312/154 311/155
f 306/156 305/153 309/154 312/155
f 313/157 314/158 315/159 316/160
f 317/160 318/157 319/158 320/159
f 313/160 316/157 318/158 317/159
f 316/160 315/157 319/158 318/159
f 315/160 314/157 320/158 319/159
f 314/160 313/157 317/158 320/159
f 321/161 322/162 323/163 324/164
f 325/164 326/161 327/162 328/163
f 321/164 324/161 326/162 325/163
f 324/164 323/161 327/162 326/163
f 323/164 322/161 328/162 327/163
f 322/164 321/161 325/162 328/163
f 329/165 330/166 331/167 332/168
f 333/168 334/165 335/166 336/167
f 329/168 332/165 334/166 333/167
f 332/168 331/165 335/166 334/167
f 331/168 330/165 336/166 335/167
f 330/168 329/165 333/166 336/167
f 337/169 338/170 339/171 340/172
f 341/172 342/169 343/170 344/171
f 337/172 340/169 342/170 341/171
f 340/172 339/169 343/170 342/171
f 339/172 338/169 344/170 343/171
f 338/172 337/169 341/170 344/171
f 345/173 346/174 347/175 348/176
f 349/176 350/173 351/174 352/175
f 345/176 348/173 350/174 349/175
f 348/176 347/173 351/174 350/175
f 347/176 346/173 352/174 351/175
f 346/176 345/173 349/174 352/175
f 353/177 354/178 355/179 356/180
f 357/180 358/177 359/178 360/179
f 353/180 356/177 358/178 357/179
f 356/180 355/177 359/178 358/179
f 355/180 354/177 360/178 359/179
f 354/180 353/177 357/178 360/179
f 361/181 362/182 363/183 364/184
f 365/184 366/181 367/182 368/183
f 361/184 364/181 366/182 365/183
f 364/184 363/181 367/182 366/183
f 363/184 362/181 368/182 367/183
f 362/184 361/181 365/182 368/183
f 369/185 370/186 371/187 372/188
f 373/188 374/185 375/186 376/187
f 369/188 372/185 374/186 373/187
f 372/188 371/185 375/186 374/187
f 371/188 370/185 376/186 375/187
f 370/188 369/185 373/186 376/187
f 377/189 378/190 379/191 380/192
f 381/192 382/189 383/190 384/191
f 377/192 380/189 382/190 381/191
f 380/192 379/189 383/190 382/191
f 379/192 378/189 384/190 383/191
f 378/192 377/189 381/190 384/191
f 385/193 386/194 387/195 388/196
f 389/196 390/193 391/194 392/195
f 385/196 388/193 390/194 389/195
f 388/196 387/193 391/194 390/195
f 387/196 386/193 392/194 391/195
f 386/196 385/193 389/194 392/195
f 393/197 394/198 395/199 396/200
f 397/200 398/197 399/198 400/199
f 393/200 396/197 398/198 397/199
f 396/200 395/197 399/198 398/199
f 395/200 394/197 400/198 399/199
f 394/200 393/197 397/198 400/199
f 401/201 402/202 403/203 404/204
f 405/204 406/201 407/202 408/203
f 401/204 404/201 406/202 405/203
f 404/204 403/201 407/202 406/203
f 403/204 402/201 408/202 407/203
f 402/204 401/201 405/202 408/203
f 409/205 410/206 411/207 412/208
f 413/208 414/205 415/206 416/207
f 409/208 412/205 414/206 413/207
f 412/208 411/205 415/206 414/207
f 411/208 410/205 416/206 415/207
f 410/208 409/205 413/206 416/207
f 417/209 418/210 419/211 420/212
f 421/212 422/209 423/210 424/211
f 417/212 420/209 422/210 421/211
f 420/212 419/209 423/210 422/211
f 419/212 418/209 424/210 423/211
f 418/212 417/209 421/210 424/211
f 425/213 426/214 427/215 428/216
f 429/216 430/213 431/214 432/215
f 425/216 428/213 430/214 429/215
f 428/216 427/213 431/214 430/215
f 427/216 426/213 432/214 431/215
f 426/216 425/213 429/214 432/215
f 433/217 434/218 435/219 436/220
f 437/220 438/217 439/218 440/219
f 433/220 436/217 438/218 437/219
f 436/220 435/217 439/218 438/219
f 435/220 434/217 440/218 439/219
f 434/220 433/217 437/218 440/219
f 441/221 442/222 443/223 444/224
f 445/224 446/221 447/222 448/223
f 441/224 444/221 446/222 445/223
f 444/224 443/221 447/222 446/223
f 443/224 442/221 448/222 447/223
f 442/224 441/221 445/222 448/223
f 449/225 450/226 451/227 452/228
f 453/228 454/225 455/226 456/227
f 449/228 452/225 454/226 453/227
f 452/228 451/225 455/226 454/227
f 451/228 450/225 456/226 455/227
f 450/228 449/225 453/226 456/227
f 457/229 458/230 459/231 460/232
f 461/232 462/229 463/230 464/231
f 457/232 460/229 462/230 461/231
f 460/232 459/229 463/230 462/231
f 459/232 458/229 464/230 463/231
f 458/232 457/229 461/230 464/231
f 465/233 466/234 467/235 468/236
f 469/236 470/233 471/234 472/235
f 465/236 468/233 470/234 469/235
f 468/236 467/233 471/234 470/235
f 467/236 466/233 472/234 471/235
f 466/236 465/233 469/234 472/235
f 473/237 474/238 475/239 476/240
f 477/240 478/237 479/238 480/239
f 473/240 476/237 478/238 477/239
f 476/240 475/237 479/238 478/239
f 475/240 474/237 480/238 479/239
f 474/240 473/237 477/238 480/239
f 481/241 482/242 483/243 484/244
f 485/244 486/241 487/242 488/243
f 481/244 484/241 486/242 485/243
f 484/244 483/241 487/242 486/243
f 483/244 482/241 488/242 487/243
f 482/244 481/241 485/242 488/243
f 489/245 490/246 491/247 492/248
f 493/248 494/245 495/246 496/247
f 489/248 492/245 494/246 493/247
f 492/248 491/245 495/246 494/247
f 491/248 490/245 496/246 495/247
f 490/248 489/245 493/246 496/247
f 497/249 498/250 499/251 500/252
f 501/252 502/249 503/250 504/251
f 497/252 500/249 502/250 501/251
f 500/252 499/249 503/250 502/251
f 499/252 498/249 504/250 503/251
f 498/252 497/249 501/250 504/251
f 505/253 506/254 507/255 508/256
f 509/256 510/253 511/254 512/255
f 505/256 508/253 510/254 509/255
f 508/256 507/253 511/254 510/255
f 507/256 506/253 512/254 511/255
f 506/256 505/253 509/254 512/255
f 513/257 514/258 515/259 516/260
f 517/260 518/257 519/258 520/259
f 513/260 516/257 518/258 517/259
f 516/260 515/257 519/258 518/259
f 515/260 514/257 520/258 519/259
f 514/260 513/257 517/258 520/259
f 521/261 522/262 523/263 524/264
f 525/264 526/261 527/262 528/263
f 521/264 524/261 526/262 525/263
f 524/264 523/261 527/262 526/263
f 523/264 522/261 528/262 527/263
f 522/264 521/261 525/262 528/263
f 529/265 530/266 531/267 532/268
f 533/268 534/265 535/266 536/267
f 529/268 532/265 534/266 533/267
f 532/268 531/265 535/266 534/267
f 531/268 530/265 536/266 535/267
f 530/268 529/265 533/266 536/267
f 537/269 538/270 539/271 540/272
f 541/272 542/269 543/270 544/271
f 537/272 540/269 542/270 541/271
f 540/272 539/269 543/270 542/271
f 539/272 538/269 544/270 543/271
f 538/272 537/269 541/270 544/271
f 545/273 546/274 547/275 548/276
f 549/276 550/273 551/274 552/275
f 545/276 548/273 550/274 549/275
f 548/276 547/273 551/274 550/275
f 547/276 546/273 552/274 551/275
f 546/276 545/273 549/274 552/275
f 553/277 554/278 555/279 556/280
f 557/280 558/277 559/278 560/279
f 553/280 556/277 558/278 557/279
f 556/280 555/277 559/278 558/279
f 555/280 554/277 560/278 559/279
f 554/280 553/277 557/278 560/279
f 561/281 562/282 563/283 564/284
f 565/284 566/281 567/282 568/283
f 561/284 564/281 566/282 565/283
f 564/284 563/281 567/282 566/283
f 563/284 562/281 568/282 567/283
f 562/284 561/281 565/282 568/283
f 569/285 570/286 571/287 572/288
f 573/288 574/285 575/286 576/287
f 569/288 572/285 574/286 573/287
f 572/288 571/285 575/286 574/287
f 571/288 570/285 576/286 575/287
f 570/288 569/285 573/286 576/287
f 577/289 578/290 579/291 580/292
f 581/292 582/289 583/290 584/291
f 577/292 580/289 582/290 581/291
f 580/292 579/289 583/290 582/291
f 579/292 578/289 584/290 583/291
f 578/292 577/289 581/290 584/291
f 585/293 586/294 587/295 588/296
f 589/296 590/293 591/294 592/295
f 585/296 588/293 590/294 589/295
f 588/296 587/293 591/294 590/295
f 587/296 586/293 592/294 591/295
f 586/296 585/293 589/294 592/295
f 593/297 594/298 595/299 596/300
f 597/300 598/297 599/298 600/299
f 593/300 596/297 598/298 597/299
f 596/300 595/297 599/298 598/299
f 595/300 594/297 600/298 599/299
f 594/300 593/297 597/298 600/299
f 601/301 602/302 603/303 604/304
f 605/304 606/301 607/302 608/303
f 601/304 604/301 606/302 605/303
f 604/304 603/301 607/302 606/303
f 603/304 602/301 608/302 607/303
f 602/304 601/301 605/302 608/303
f 609/305 610/306 611/307 612/308
f 613/308 614/305 615/306 616/307
f 609/308 612/305 614/306 613/307
f 612/308 611/305 615/306 614/307
f 611/308 610/305 616/306 615/307
f 610/308 609/305 613/306 616/307
f 617/309 618/310 619/311 620/312
f 621/312 622/309 623/310 624/311
f 617/312 620/309 622/310 621/311
f 620/312 619/309 623/310 622/311
f 619/312 618/309 624/310 623/311
f 618/312 617/309 621/310 624/311
f 625/313 626/314 627/315 628/316
f 629/316 630/313 631/314 632/315
f 625/316 628/313 630/314 629/315
f 628/316 627/313 631/314 630/315
f 627/316 626/313 632/314 631/315
f 626/316 625/313 629/314 632/315
f 633/317 634/318 635/319 636/320
f 637/320 638/317 639/318 640/319
f 633/320 636/317 638/318 637/319
f 636/320 635/317 639/318 638/319
f 635/320 634/317 640/318 639/319
f 634/320 633/317 637/318 640/319
f 641/321 642/322 643/323 644/324
f 645/324 646/321 647/322 648/323
f 641/324 644/321 646/322 645/323
f 644/324 643/321 647/322 646/323
f 643/324 642/321 648/322 647/323
f 642/324 641/321 645/322 648/323
f 649/325 650/326 651/327 652/328
f 653/328 654/325 655/326 656/327
f 649/328 652/325 654/326 653/327
f 652/328 651/325 655/326 654/327
f 651/328 650/325 656/326 655/327
f 650/328 649/325 653/326 656/327
f 657/329 658/330 659/331 660/332
f 661/332 662/329 663/330 664/331
f 657/332 660/329 662/330 661/331
f 660/332 659/329 663/330 662/331
f 659/332 658/329 664/330 663/331
f 658/332 657/329 661/330 664/331
f 665/333 666/334 667/335 668/336
f 669/336 670/333 671/334 672/335
f 665/336 668/333 670/334 669/335
f 668/336 667/333 671/334 670/335
f 667/336 666/333 672/334 671/335
f 666/336 665/333 669/334 672/335
f 673/337 674/338 675/339 676/340
f 677/340 678/337 679/338 680/339
f 673/340 676/337 678/338 677/339
f 676/340 675/337 679/338 678/339
f 675/340 674/337 680/338 679/339
f 674/340 673/337 677/338 680/339
f 681/341 682/342 683/343 684/344
f 685/344 686/341 687/342 688/343
f 681/344 684/341 686/342 685/343
f 684/344 683/341 687/342 686/343
f 683/344 682/341 688/342 687/343
f 682/344 681/341 685/342 688/343
f 689/345 690/346 691/347 692/348
f 693/348 694/345 695/346 696/347
f 689/348 692/345 694/346 693/347
f 692/348 691/345 695/346 694/347
f 691/348 690/345 696/346 695/347
f 690/348 689/345 693/346 696/347
f 697/349 698/350 699/351 700/352
f 701/352 702/349 703/350 704/351
f 697/352 700/349 702/350 701/351
f 700/352 699/349 703/350 702/351
f 699/352 698/349 704/350 703/351
f 698/352 697/349 701/350 704/351
f 705/353 706/354 707/355 708/356
f 709/356 710/353 711/354 712/355
f 705/356 708/353 710/354 709/355
f 708/356 707/353 711/354 710/355
f 707/356 706/353 712/354 711/355
f 706/356 705/353 709/354 712/355
f 713/357 714/358 715/359 716/360
f 717/360 718/357 719/358 720/359
f 713/360 716/357 718/358 717/359
f 716/360 715/357 719/358 718/359
f 715/360 714/357 720/358 719/359
f 714/360 713/357 717/358 720/359
f 721/361 722/362 723/363 724/364
f 725/364 726/361 727/362 728/363
f 721/364 724/361 726/362 725/363
f 724/364 723/361 727/362 726/363
f 723/364 722/361 728/362 727/363
f 722/364 721/361 725/362 728/363
f 729/365 730/366 731/367 732/368
f 733/368 734/365 735/366 736/367
f 729/368 732/365 734/366 733/367
f 732/368 731/365 735/366 734/367
f 731/368 730/365 736/366 735/367
f 730/368 729/365 733/366 736/367
f 737/369 738/370 739/371 740/372
f 741/372 742/369 743/370 744/371
f 737/372 740/369 742/370 741/371
f 740/372 739/369 743/370 742/371
f 739/372 738/369 744/370 743/371
f 738/372 737/369 741/370 744/371
f 745/373 746/374 747/375 748/376
f 749/376 750/373 751/374 752/375
f 745/376 748/373 750/374 749/375
f 748/376 747/373 751/374 750/375
f 747/376 746/373 752/374 751/375
f 746/376 745/373 749/374 752/375
f 753/377 754/378 755/379 756/380
f 757/380 758/377 759/378 760/379
f 753/380 756/377 758/378 757/379
f 756/380 755/377 759/378 758/379
f 755/380 754/377 760/378 759/379
f 754/380 753/377 757/378 760/379
f 761/381 762/382 763/383 764/384
f 765/384 766/381 767/382 768/383
f 761/384 764/381 766/382 765/383
f 764/384 763/381 767/382 766/383
f 763/384 762/381 768/382 767/383
f 762/384 761/381 765/382 768/383
f 769/385 770/386 771/387 772/388
f 773/388 774/385 775/386 776/387
f 769/388 772/385 774/386 773/387
f 772/388 771/385 775/386 774/387
f 771/388 770/385 776/386 775/387
f 770/388 769/385 773/386 776/387
f 777/389 778/390 779/391 780/392
f 781/392 782/389 783/390 784/391
f 777/392 780/389 782/390 781/391
f 780/392 779/389 783/390 782/391
f 779/392 778/389 784/390 783/391
f 778/392 777/389 781/390 784/391
f 785/393 786/394 787/395 788/396
f 789/396 790/393 791/394 792/395
f 785/396 788/393 790/394 789/395
f 788/396 787/393 791/394 790/395
f 787/396 786/393 792/394 791/395
f 786/396 785/393 789/394 792/395
f 793/397 794/398 795/399 796/400
f 797/400 798/397 799/398 800/399
f 793/400 796/397 798/398 797/399
f 796/400 795/397 799/398 798/399
f 795/400 794/397 800/398 799/399
f 794/400 793/397 797/398 800/399
f 801/401 802/402 803/403 804/404
f 805/404 806/401 807/402 808/403
f 801/404 804/401 806/402 805/403
f 804/404 803/401 807/402 806/403
f 803/404 802/401 808/402 807/403
f 802/404 801/401 805/402 808/403
f 809/405 810/406 811/407 812/408
f 813/408 814/405 815/406 816/407
f 809/408 812/405 814/406 813/407
f 812/408 811/405 815/406 814/407
f 811/408 810/405 816/406 815/407
f 810/408 809/405 813/406 816/407
f 817/409 818/410 819/411 820/412
f 821/412 822/409 823/410 824/411
f 817/412 820/409 822/410 821/411
f 820/412 819/409 823/410 822/411
f 819/412 818/409 824/410 823/411
f 818/412 817/409 821/410 824/411
f 825/413 826/414 827/415 828/416
f 829/416 830/413 831/414 832/415
f 825/416 828/413 830/414 829/415
f 828/416 827/413 831/414 830/415
f 827/416 826/413 832/414 831/415
f 826/416 825/413 829/414 832/415
f 833/417 834/418 835/419 836/420
f 837/420 838/417 839/418 840/419
f 833/420 836/417 838/418 837/419
f 836/420 835/417 839/418 838/419
f 835/420 834/417 840/418 839/419
f 834/420 833/417 837/418 840/419
f 841/421 842/422 843/423 844/424
f 845/424 846/421 847/422 848/423
f 841/424 844/421 846/422 845/423
f 844/424 843/421 847/422 846/423
f 843/424 842/421 848/422 847/423
f 842/424 841/421 845/422 848/423
f 849/425 850/426 851/427 852/428
f 853/428 854/425 855/426 856/427
f 849/428 852/425 854/426 853/427
f 852/428 851/425 855/426 854/427
f 851/428 850/425 856/426 855/427
f 850/428 849/425 853/426 856/427
f 857/429 858/430 859/431 860/432
f 861/432 862/429 863/430 864/431
f 857/432 860/429 862/430 861/431
f 860/432 859/429 863/430 862/431
f 859/432 858/429 864/430 863/431
f 858/432 857/429 861/430 864/431
f 865/433 866/434 867/435 868/436
f 869/436 870/433 871/434 872/435
f 865/436 868/433 870/434 869/435
f 868/436 867/433 871/434 870/435
f 867/436 866/433 872/434 871/435
f 866/436 865/433 869/434 872/435
f 873/437 874/438 875/439 876/440
f 877/440 878/437 879/438 880/439
f 873/440 876/437 878/438 877/439
f 876/440 875/437 879/438 878/439
f 875/440 874/437 880/438 879/439
f 874/440 873/437 877/438 880/439
f 881/441 882/442 883/443 884/444
f 885/444 886/441 887/442 888/443
f 881/444 884/441 886/442 885/443
f 884/444 883/441 887/442 886/443
f 883/444 882/441 888/442 887/443
f 882/444 881/441 885/442 888/443
f 889/445 890/446 891/447 892/448
f 893/448 894/445 895/446 896/447
f 889/448 892/445 894/446 893/447
f 892/448 891/445 895/446 894/447
f 891/448 890/445 896/446 895/447
f 890/448 889/445 893/446 896/447
f 897/449 898/450 899/451 900/452
f 901/452 902/449 903/450 904/451
f 897/452 900/449 902/450 901/451
f 900/452 899/449 903/450 902/451
f 899/452 898/449 904/450 903/451
f 898/452 897/449 901/450 904/451
f 905/453 906/454 907/455 908/456
f 909/456 910/453 911/454 912/455
f 905/456 908/453 910/454 909/455
f 908/456 907/453 911/454 910/455
f 907/456 906/453 912/454 911/455
f 906/456 905/453 909/454 912/455
f 913/457 914/458 915/459 916/460
f 917/460 918/457 919/458 920/459
f 913/460 916/457 918/458 917/459
f 916/460 915/457 919/458 918/459
f 915/460 914/457 920/458 919/459
f 914/460 913/457 917/458 920/459
f 921/461 922/462 923/463 924/464
f 925/464 926/461 927/462 928/463
f 921/464 924/461 926/462 925/463
f 924/464 923/461 927/462 926/463
f 923/464 922/461 928/462 927/463
f 922/464 921/461 925/462 928/463
f 929/465 930/466 931/467 932/468
f 933/468 934/465 935/466 936/467
f 929/468 932/465 934/466 933/467
f 932/468 931/465 935/466 934/467
f 931/468 930/465 936/466 935/467
f 930/468 929/465 933/466 936/467
f 937/469 938/470 939/471 940/472
f 941/472 942/469 943/470 944/471
f 937/472 940/469 942/470 941/471
f 940/472 939/469 943/470 942/471
f 939/472 938/469 944/470 943/471
f 938/472 937/469 941/470 944/471
f 945/473 946/474 947/475 948/476
f 949/476 950/473 951/474 952/475
f 945/476 948/473 950/474 949/475
f 948/476 947/473 951/474 950/475
f 947/476 946/473 952/474 951/475
f 946/476 945/473 949/474 952/475
f 953/477 954/478 955/479 956/480
f 957/480 958/477 959/478 960/479
f 953/480 956/477 958/478 957/479
f 956/480 955/477 959/478 958/479
f 955/480 954/477 960/478 959/479
f 954/480 953/477 957/478 960/479
f 961/481 962/482 963/483 964/484
f 965/484 966/481 967/482 968/483
f 961/484 964/481 966/482 965/483
f 964/484 963/481 967/482 966/483
f 963/484 962/481 968/482 967/483
f 962/484 961/481 965/482 968/483
f 969/485 970/486 971/487 972/488
f 973/488 974/485 975/486 976/487
f 969/488 972/485 974/486 973/487
f 972/488 971/485 975/486 974/487
f 971/488 970/485 976/486 975/487
f 970/488 969/485 973/486 976/487
f 977/489 978/490 979/491 980/492
f 981/492 982/489 983/490 984/491
f 977/492 980/489 982/490 981/491
f 980/492 979/489 983/490 982/491
f 979/492 978/489 984/490 983/491
f 978/492 977/489 981/490 984/491
f 985/493 986/494 987/495 988/496
f 989/496 990/493 991/494 992/495
f 985/496 988/493 990/494 989/495
f 988/496 987/493 991/494 990/495
f 987/496 986/493 992/494 991/495
f 986/496 985/493 989/494 992/495
f 993/497 994/498 995/499 996/500
f 997/500 998/497 999/498 1000/499
f 993/500 996/497 998/498 997/499
f 996/500 995/497 999/498 998/499
f 995/500 994/497 1000/498 999/499
f 994/500 993/497 997/498 1000/499
f 1001/501 1002/502 1003/503 1004/504
f 1005/504 1006/501 1007/502 1008/503
f 1001/504 1004/501 1006/502 1005/503
f 1004/504 1003/501 1007/502 1006/503
f 1003/504 1002/501 1008/502 1007/503
f 1002/504 1001/501 1005/502 1008/503
f 1009/505 1010/506 1011/507 1012/508
f 1013/508 1014/505 1015/506 1016/507
f 1009/508 1012/505 1014/506 1013/507
f 1012/508 1011/505 1015/506 1014/507
f 1011/508 1010/505 1016/506 1015/507
f 1010/508 1009/505 1013/506 1016/507
f 1017/509 1018/510 1019/511 1020/512
f 1021/512 1022/509 1023/510 1024/511
f 1017/512 1020/509 1022/510 1021/511
f 1020/512 1019/509 1023/510 1022/511
f 1019/512 1018/509 1024/510 1023/511
f 1018/512 1017/509 1021/510 1024/511
f 1025/513 1026/514 1027/515 1028/516
f 1029/516 1030/513 1031/514 1032/515
f 1025/516 1028/513 1030/514 1029/515
f 1028/516 1027/513 1031/514 1030/515
f 1027/516 1026/513 1032/514 1031/515
f 1026/516 1025/513 1029/514 1032/515
f 1033/517 1034/518 1035/519 1036/520
f 1037/520 1038/517 1039/518 1040/519
f 1033/520 1036/517 1038/518 1037/519
f 1036/520 1035/517 1039/518 1038/519
f 1035/520 1034/517 1040/518 1039/519
f 1034/520 1033/517 1037/518 1040/519
f 1041/521 1042/522 1043/523 1044/524
f 1045/524 1046/521 1047/522 1048/523
f 1041/524 1044/521 1046/522 1045/523
f 1044/524 1043/521 1047/522 1046/523
f 1043/524 1042/521 1048/522 1047/523
f 1042/524 1041/521 1045/522 1048/523
f 1049/525 1050/526 1051/527 1052/528
f 1053/528 1054/525 1055/526 1056/527
f 1049/528 1052/525 1054/526 1053/527
f 1052/528 1051/525 1055/526 1054/527
f 1051/528 1050/525 1056/526 1055/527
f 1050/528 1049/525 1053/526 1056/527
f 1057/529 1058/530 1059/531 1060/532
f 1061/532 1062/529 1063/530 1064/531
f 1057/532 1060/529 1062/530 1061/531
f 1060/532 1059/529 1063/530 1062/531
f 1059/532 1058/529 1064/530 1063/531
f 1058/532 1057/529 1061/530 1064/531
f 1065/533 1066/534 1067/535 1068/536
f 1069/536 1070/533 1071/534 1072/535
f 1065/536 1068/533 1070/534 1069/535
f 1068/536 1067/533 1071/534 1070/535
f 1067/536 1066/533 1072/534 1071/535
f 1066/536 1065/533 1069/534 1072/535
f 1073/537 1074/538 1075/539 1076/540
f 1077/540 1078/537 1079/538 1080/539
f 1073/540 1076/537 1078/538 1077/539
f 1076/540 1075/537 1079/538 1078/539
f 1075/540 1074/537 1080/538 1079/539
f 1074/540 1073/537 1077/538 1080/539
f 1081/541 1082/542 1083/543 1084/544
f 1085/544 1086/541 1087/542 1088/543
f 1081/544 1084/541 1086/542 1085/543
f 1084/544 1083/541 1087/542 1086/543
f 1083/544 1082/541 1088/542 1087/543
f 1082/544 1081/541 1085/542 1088/543
f 1089/545 1090/546 1091/547 1092/548
f 1093/548 1094/545 1095/546 1096/547
f 1089/548 1092/545 1094/546 1093/547
f 1092/548 1091/545 1095/546 1094/547
f 1091/548 1090/545 1096/546 1095/547
f 1090/548 1089/545 1093/546 1096/547
f 1097/549 1098/550 1099/551 1100/552
f 1101/552 1102/549 1103/550 1104/551
f 1097/552 1100/549 1102/550 1101/551
f 1100/552 1099/549 1103/550 1102/551
f 1099/552 1098/549 1104/550 1103/551
f 1098/552 1097/549 1101/550 1104/551
f 1105/553 1106/554 1107/555 1108/556
f 1109/556 1110/553 1111/554 1112/555
f 1105/556 1108/553 1110/554 1109/555
f 1108/556 1107/553 1111/554 1110/555
f 1107/556 1106/553 1112/554 1111/555
f 1106/556 1105/553 1109/554 1112/555
f 1113/557 1114/558 1115/559 1116/560
f 1117/560 1118/557 1119/558 1120/559
f 1113/560 1116/557 1118/558 1117/559
f 1116/560 1115/557 1119/558 1118/559
f 1115/560 1114/557 1120/558 1119/559
f 1114/560 1113/557 1117/558 1120/559
f 1121/561 1122/562 1123/563 1124/564
f 1125/564 1126/561 1127/562 1128/563
f 1121/564 1124/561 1126/562 1125/563
f 1124/564 1123/561 1127/562 1126/563
f 1123/564 1122/561 1128/562 1127/563
f 1122/564 1121/561 1125/562 1128/563
f 1129/565 1130/566 1131/567 1132/568
f 1133/568 1134/565 1135/566 1136/567
f 1129/568 1132/565 1134/566 1133/567
f 1132/568 1131/565 1135/566 1134/567
f 1131/568 1130/565 1136/566 1135/567
f 1130/568 1129/565 1133/566 1136/567
f 1137/569 1138/570 1139/571 1140/572
f 1141/572 1142/569 1143/570 1144/571
f 1137/572 1140/569 1142/570 1141/571
f 1140/572 1139/569 1143/570 1142/571
f 1139/572 1138/569 1144/570 1143/571
f 1138/572 1137/569 1141/570 1144/571
f 1145/573 1146/574 1147/575 1148/576
f 1149/576 1150/573 1151/574 1152/575
f 1145/576 1148/573 1150/574 1149/575
f 1148/576 1147/573 1151/574 1150/575
f 1147/576 1146/573 1152/574 1151/575
f 1146/576 1145/573 1149/574 1152/575
f 1153/577 1154/578 1155/579 1156/580
f 1157/580 1158/577 1159/578 1160/579
f 1153/580 1156/577 1158/578 1157/579
f 1156/580 1155/577 1159/578 1158/579
f 1155/580 1154/577 1160/578 1159/579
f 1154/580 1153/577 1157/578 1160/579
f 1161/581 1162/582 1163/583 1164/584
f 1165/584 1166/581 1167/582 1168/583
f 1161/584 1164/581 1166/582 1165/583
f 1164/584 1163/581 1167/582 1166/583
f 1163/584 1162/581 1168/582 1167/583
f 1162/584 1161/581 1165/582 1168/583
f 1169/585 1170/586 1171/587 1172/588
f 1173/588 1174/585 1175/586 1176/587
f 1169/588 1172/585 1174/586 1173/587
f 1172/588 1171/585 1175/586 1174/587
f 1171/588 1170/585 1176/586 1175/587
f 1170/588 1169/585 1173/586 1176/587
f 1177/589 1178/590 1179/591 1180/592
f 1181/592 1182/589 1183/590 1184/591
f 1177/592 1180/589 1182/590 1181/591
f 1180/592 1179/589 1183/590 1182/591
f 1179/592 1178/589 1184/590 1183/591
f 1178/592 1177/589 1181/590 1184/591
f 1185/593 1186/594 1187/595 1188/596
f 1189/596 1190/593 1191/594 1192/595
f 1185/596 1188/593 1190/594 1189/595
f 1188/596 1187/593 1191/594 1190/595
f 1187/596 1186/593 1192/594 1191/595
f 1186/596 1185/593 1189/594 1192/595
f 1193/597 1194/598 1195/599 1196/600
f 1197/600 1198/597 1199/598 1200/599
f 1193/600 1196/597 1198/598 1197/599
f 1196/600 1195/597 1199/598 1198/599
f 1195/600 1194/597 1200/598 1199/599
f 1194/600 1193/597 1197/598 1200/599
f 1201/601 1202/602 1203/603 1204/604
f 1205/604 1206/601 1207/602 1208/603
f 1201/604 1204/601 1206/602 1205/603
f 1204/604 1203/601 1207/602 1206/603
f 1203/604 1202/601 1208/602 1207/603
f 1202/604 1201/601 1205/602 1208/603
f 1209/605 1210/606 1211/607 1212/608
f 1213/608 1214/605 1215/606 1216/607
f 1209/608 1212/605 1214/606 1213/607
f 1212/608 1211/605 1215/606 1214/607
f 1211/608 1210/605 1216/606 1215/607
f 1210/608 1209/605 1213/606 1216/607
f 1217/609 1218/610 1219/611 1220/612
f 1221/612 1222/609 1223/610 1224/611
f 1217/612 1220/609 1222/610 1221/611
f 1220/612 1219/609 1223/610 1222/611
f 1219/612 1218/609 1224/610 1223/611
f 1218/612 1217/609 1221/610 1224/611
f 1225/613 1226/614 1227/615 1228/616
f 1229/616 1230/613 1231/614 1232/615
f 1225/616 1228/613 1230/614 1229/615
f 1228/616 1227/613 1231/614 1230/615
f 1227/616 1226/613 1232/614 1231/615
f 1226/616 1225/613 1229/614 1232/615
f 1233/617 1234/618 1235/619 1236/620
f 1237/620 1238/617 1239/618 1240/619
f 1233/620 1236/617 1238/618 1237/619
f 1236/620 1235/617 1239/618 1238/619
f 1235/620 1234/617 1240/618 1239/619
f 1234/620 1233/617 1237/618 1240/619
f 1241/621 1242/622 1243/623 1244/624
f 1245/624 1246/621 1247/622 1248/623
f 1241/624 1244/621 1246/622 1245/623
f 1244/624 1243/621 1247/622 1246/623
f 1243/624 1242/621 1248/622 1247/623
f 1242/624 1241/621 1245/622 1248/623
f 1249/625 1250/626 1251/627 1252/628
f 1253/628 1254/625 1255/626 1256/627
f 1249/628 1252/625 1254/626 1253/627
f 1252/628 1251/625 1255/626 1254/627
f 1251/628 1250/625 1256/626 1255/627
f 1250/628 1249/625 1253/626 1256/627
f 1257/629 1258/630 1259/631 1260/632
f 1261/632 1262/629 1263/630 1264/631
f 1257/632 1260/629 1262/630 1261/631
f 1260/632 1259/629 1263/630 1262/631
f 1259/632 1258/629 1264/630 1263/631
f 1258/632 1257/629 1261/630 1264/631
f 1265/633 1266/634 1267/635 1268/636
f 1269/636 1270/633 1271/634 1272/635
f 1265/636 1268/633 1270/634 1269/635
f 1268/636 1267/633 1271/634 1270/635
f 1267/636 1266/633 1272/634 1271/635
f 1266/636 1265/633 1269/634 1272/635
f 1273/637 1274/638 1275/639 1276/640
f 1277/640 1278/637 1279/638 1280/639
f 1273/640 1276/637 1278/638 1277/639
f 1276/640 1275/637 1279/638 1278/639
f 1275/640 1274/637 1280/638 1279/639
f 1274/640 1273/637 1277/638 1280/639
f 1281/641 1282/642 1283/643 1284/644
f 1285/644 1286/641 1287/642 1288/643
f 1281/644 1284/641 1286/642 1285/643
f 1284/644 1283/641 1287/642 1286/643
f 1283/644 1282/641 1288/642 1287/643
f 1282/644 1281/641 1285/642 1288/643
f 1289/645 1290/646 1291/647 1292/648
f 1293/648 1294/645 1295/646 1296/647
f 1289/648 1292/645 1294/646 1293/647
f 1292/648 1291/645 1295/646 1294/647
f 1291/648 1290/645 1296/646 1295/647
f 1290/648 1289/645 1293/646 1296/647
f 1297/649 1298/650 1299/651 1300/652
f 1301/652 1302/649 1303/650 1304/651
f 1297/652 1300/649 1302/650 1301/651
f 1300/652 1299/649 1303/650 1302/651
f 1299/652 1298/649 1304/650 1303/651
f 1298/652 1297/649 1301/650 1304/651
f 1305/653 1306/654 1307/655 1308/656
f 1309/656 1310/653 1311/654 1312/655
f 1305/656 1308/653 1310/654 1309/655
f 1308/656 1307/653 1311/654 1310/655
f 1307/656 1306/653 1312/654 1311/655
f 1306/656 1305/653 1309/654 1312/655
f 1313/657 1314/658 1315/659 1316/660
f 1317/660 1318/657 1319/658 1320/659
f 1313/660 1316/657 1318/658 1317/659
f 1316/660 1315/657 1319/658 1318/659
f 1315/660 1314/657 1320/658 1319/659
f 1314/660 1313/657 1317/658 1320/659
f 1321/661 1322/662 1323/663 1324/664
f 1325/664 1326/661 1327/662 1328/663
f 1321/664 1324/661 1326/662 1325/663
f 1324/664 1323/661 1327/662 1326/663
f 1323/664 1322/661 1328/662 1327/663
f 1322/664 1321/661 1325/662 1328/663
f 1329/665 1330/666 1331/667 1332/668
f 1333/668 1334/665 1335/666 1336/667
f 1329/668 1332/665 1334/666 1333/667
f 1332/668 1331/665 1335/666 1334/667
f 1331/668 1330/665 1336/666 1335/667
f 1330/668 1329/665 1333/666 1336/667
f 1337/669 1338/670 1339/671 1340/672
f 1341/672 1342/669 1343/670 1344/671
f 1337/672 1340/669 1342/670 1341/671
f 1340/672 1339/669 1343/670 1342/671
f 1339/672 1338/669 1344/670 1343/671
f 1338/672 1337/669 1341/670 1344/671
f 1345/673 1346/674 1347/675 1348/676
f 1349/676 1350/673 1351/674 1352/675
f 1345/676 1348/673 1350/674 1349/675
f 1348/676 1347/673 1351/674 1350/675
f 1347/676 1346/673 1352/674 1351/675
f 1346/676 1345/673 1349/674 1352/675
f 1353/677 1354/678 1355/679 1356/680
f 1357/680 1358/677 1359/678 1360/679
f 1353/680 1356/677 1358/678 1357/679
f 1356/680 1355/677 1359/678 1358/679
f 1355/680 1354/677 1360/678 1359/679
f 1354/680 1353/677 1357/678 1360/679
f 1361/681 1362/682 1363/683 1364/684
f 1365/684 1366/681 1367/682 1368/683
f 1361/684 1364/681 1366/682 1365/683
f 1364/684 1363/681 1367/682 1366/683
f 1363/684 1362/681 1368/682 1367/683
f 1362/684 1361/681 1365/682 1368/683
f 1369/685 1370/686 1371/687 1372/688
f 1373/688 1374/685 1375/686 1376/687
f 1369/688 1372/685 1374/686 1373/687
f 1372/688 1371/685 1375/686 1374/687
f 1371/688 1370/685 1376/686 1375/687
f 1370/688 1369/685 1373/686 1376/687
f 1377/689 1378/690 1379/691 1380/692
f 1381/692 1382/689 1383/690 1384/691
f 1377/692 1380/689 1382/690 1381/691
f 1380/692 1379/689 1383/690 1382/691
f 1379/692 1378/689 1384/690 1383/691
f 1378/692 1377/689 1381/690 1384/691
f 1385/693 1386/694 1387/695 1388/696
f 1389/696 1390/693 1391/694 1392/695
f 1385/696 1388/693 1390/694 1389/695
f 1388/696 1387/693 1391/694 1390/695
f 1387/696 1386/693 1392/694 1391/695
f 1386/696 1385/693 1389/694 1392/695
f 1393/697 1394/698 1395/699 1396/700
f 1397/700 1398/697 1399/698 1400/699
f 1393/700 1396/697 1398/698 1397/699
f 1396/700 1395/697 1399/698 1398/699
f 1395/700 1394/697 1400/698 1399/699
f 1394/700 1393/697 1397/698 1400/699
f 1401/701 1402/702 1403/703 1404/704
f 1405/704 1406/701 1407/702 1408/703
f 1401/704 1404/701 1406/702 1405/703
f 1404/704 1403/701 1407/702 1406/703
f 1403/704 1402/701 1408/702 1407/703
f 1402/704 1401/701 1405/702 1408/703
f 1409/705 1410/706 1411/707 1412/708
f 1413/708 1414/705 1415/706 1416/707
f 1409/708 1412/705 1414/706 1413/707
f 1412/708 1411/705 1415/706 1414/707
f 1411/708 1410/705 1416/706 1415/707
f 1410/708 1409/705 1413/706 1416/707
f 1417/709 1418/710 1419/711 1420/712
f 1421/712 1422/709 1423/710 1424/711
f 1417/712 1420/709 1422/710 1421/711
f 1420/712 1419/709 1423/710 1422/711
f 1419/712 1418/709 1424/710 1423/711
f 1418/712 1417/709 1421/710 1424/711
f 1425/713 1426/714 1427/715 1428/716
f 1429/716 1430/713 1431/714 1432/715
f 1425/716 1428/713 1430/714 1429/715
f 1428/716 1427/713 1431/714 1430/715
f 1427/716 1426/713 1432/714 1431/715
f 1426/716 1425/713 1429/714 1432/715
f 1433/717 1434/718 1435/719 1436/720
f 1437/720 1438/717 1439/718 1440/719
f 1433/720 1436/717 1438/718 1437/719
f 1436/720 1435/717 1439/718 1438/719
f 1435/720 1434/717 1440/718 1439/719
f 1434/720 1433/717 1437/718 1440/719
f 1441/721 1442/722 1443/723 1444/724
f 1445/724 1446/721 1447/722 1448/723
f 1441/724 1444/721 1446/722 1445/723
f 1444/724 1443/721 1447/722 1446/723
f 1443/724 1442/721 1448/722 1447/723
f 1442/724 1441/721 1445/722 1448/723
f 1449/725 1450/726 1451/727 1452/728
f 1453/728 1454/725 1455/726 1456/727
f 1449/728 1452/725 1454/726 1453/727
f 1452/728 1451/725 1455/726 1454/727
f 1451/728 1450/725 1456/726 1455/727
f 1450/728 1449/725 1453/726 1456/727
f 1457/729 1458/730 1459/731 1460/732
f 1461/732 1462/729 1463/730 1464/731
f 1457/732 1460/729 1462/730 1461/731
f 1460/732 1459/729 1463/730 1462/731
f 1459/732 1458/729 1464/730 1463/731
f 1458/732 1457/729 1461/730 1464/731
f 1465/733 1466/734 1467/735 1468/736
f 1469/736 1470/733 1471/734 1472/735
f 1465/736 1468/733 1470/734 1469/735
f 1468/736 1467/733 1471/734 1470/735
f 1467/736 1466/733 1472/734 1471/735
f 1466/736 1465/733 1469/734 1472/735
f 1473/737 1474/738 1475/739 1476/740
f 1477/740 1478/737 1479/738 1480/739
f 1473/740 1476/737 1478/738 1477/739
f 1476/740 1475/737 1479/738 1478/739
f 1475/740 1474/737 1480/738 1479/739
f 1474/740 1473/737 1477/738 1480/739
f 1481/741 1482/742 1483/743 1484/744
f 1485/744 1486/741 1487/742 1488/743
f 1481/744 1484/741 1486/742 1485/743
f 1484/744 1483/741 1487/742 1486/743
f 1483/744 1482/741 1488/742 1487/743
f 1482/744 1481/741 1485/742 1488/743
f 1489/745 1490/746 1491/747 1492/748
f 1493/748 1494/745 1495/746 1496/747
f 1489/748 1492/745 1494/746 1493/747
f 1492/748 1491/745 1495/746 1494/747
f 1491/748 1490/745 1496/746 1495/747
f 1490/748 1489/745 1493/746 1496/747
f 1497/749 1498/750 1499/751 1500/752
f 1501/752 1502/749 1503/750 1504/751
f 1497/752 1500/749 1502/750 1501/751
f 1500/752 1499/749 1503/750 1502/751
f 1499/752 1498/749 1504/750 1503/751
f 1498/752 1497/749 1501/750 1504/751
f 1505/753 1506/754 1507/755 1508/756
f 1509/756 1510/753 1511/754 1512/755
f 1505/756 1508/753 1510/754 1509/755
f 1508/756 1507/753 1511/754 1510/755
f 1507/756 1506/753 1512/754 1511/755
f 1506/756 1505/753 1509/754 1512/755
f 1513/757 1514/758 1515/759 1516/760
f 1517/760 1518/757 1519/758 1520/759
f 1513/760 1516/757 1518/758 1517/759
f 1516/760 1515/757 1519/758 1518/759
f 1515/760 1514/757 1520/758 1519/759
f 1514/760 1513/757 1517/758 1520/759
f 1521/761 1522/762 1523/763 1524/764
f 1525/764 1526/761 1527/762 1528/763
f 1521/764 1524/761 1526/762 1525/763
f 1524/764 1523/761 1527/762 1526/763
f 1523/764 1522/761 1528/762 1527/763
f 1522/764 1521/761 1525/762 1528/763
f 1529/765 1530/766 1531/767 1532/768
f 1533/768 1534/765 1535/766 1536/767
f 1529/768 1532/765 1534/766 1533/767
f 1532/768 1531/765 1535/766 1534/767
f 1531/768 1530/765 1536/766 1535/767
f 1530/768 1529/765 1533/766 1536/767
f 1537/769 1538/770 1539/771 1540/772
f 1541/772 1542/769 1543/770 1544/771
f 1537/772 1540/769 1542/770 1541/771
f 1540/772 1539/769 1543/770 1542/771
f 1539/772 1538/769 1544/770 1543/771
f 1538/772 1537/769 1541/770 1544/771
f 1545/773 1546/774 1547/775 1548/776
f 1549/776 1550/773 1551/774 1552/775
f 1545/776 1548/773 1550/774 1549/775
f 1548/776 1547/773 1551/774 1550/775
f 1547/776 1546/773 1552/774 1551/775
f 1546/776 1545/773 1549/774 1552/775
f 1553/777 1554/778 1555/779 1556/780
f 1557/780 1558/777 1559/778 1560/779
f 1553/780 1556/777 1558/778 1557/779
f 1556/780 1555/777 1559/778 1558/779
f 1555/780 1554/777 1560/778 1559/779
f 1554/780 1553/777 1557/778 1560/779
f 1561/781 1562/782 1563/783 1564/784
f 1565/784 1566/781 1567/782 1568/783
f 1561/784 1564/781 1566/782 1565/783
f 1564/784 1563/781 1567/782 1566/783
f 1563/784 1562/781 1568/782 1567/783
f 1562/784 1561/781 1565/782 1568/783
f 1569/785 1570/786 1571/787 1572/788
f 1573/788 1574/785 1575/786 1576/787
f 1569/788 1572/785 1574/786 1573/787
f 1572/788 1571/785 1575/786 1574/787
f 1571/788 1570/785 1576/786 1575/787
f 1570/788 1569/785 1573/786 1576/787
f 1577/789 1578/790 1579/791 1580/792
f 1581/792 1582/789 1583/790 1584/791
f 1577/792 1580/789 1582/790 1581/791
f 1580/792 1579/789 1583/790 1582/791
f 1579/792 1578/789 1584/790 1583/791
f 1578/792 1577/789 1581/790 1584/791
f 1585/793 1586/794 1587/795 1588/796
f 1589/796 1590/793 1591/794 1592/795
f 1585/796 1588/793 1590/794 1589/795
f 1588/796 1587/793 1591/794 1590/795
f 1587/796 1586/793 1592/794 1591/795
f 1586/796 1585/793 1589/794 1592/795
f 1593/797 1594/798 1595/799 1596/800
f 1597/800 1598/797 1599/798 1600/799
f 1593/800 1596/797 1598/798 1597/799
f 1596/800 1595/797 1599/798 1598/799
f 1595/800 1594/797 1600/798 1599/799
f 1594/800 1593/797 1597/798 1600/799
f 1601/801 1602/802 1603/803 1604/804
f 1605/804 1606/801 1607/802 1608/803
f 1601/804 1604/801 1606/802 1605/803
f 1604/804 1603/801 1607/802 1606/803
f 1603/804 1602/801 1608/802 1607/803
f 1602/804 1601/801 1605/802 1608/803
f 1609/805 1610/806 1611/807 1612/808
f 1613/808 1614/805 1615/806 1616/807
f 1609/808 1612/805 1614/806 1613/807
f 1612/808 1611/805 1615/806 1614/807
f 1611/808 1610/805 1616/806 1615/807
f 1610/808 1609/805 1613/806 1616/807
f 1617/809 1618/810 1619/811 1620/812
f 1621/812 1622/809 1623/810 1624/811
f 1617/812 1620/809 1622/810 1621/811
f 1620/812 1619/809 1623/810 1622/811
f 1619/812 1618/809 1624/810 1623/811
f 1618/812 1617/809 1621/810 1624/811
f 1625/813 1626/814 1627/815 1628/816
f 1629/816 1630/813 1631/814 1632/815
f 1625/816 1628/813 1630/814 1629/815
f 1628/816 1627/813 1631/814 1630/815
f 1627/816 1626/813 1632/814 1631/815
f 1626/816 1625/813 1629/814 1632/815
f 1633/817 1634/818 1635/819 1636/820
f 1637/820 1638/817 1639/818 1640/819
f 1633/820 1636/817 1638/818 1637/819
f 1636/820 1635/817 1639/818 1638/819
f 1635/820 1634/817 1640/818 1639/819
f 1634/820 1633/817 1637/818 1640/819
f 1641/821 1642/822 1643/823 1644/824
f 1645/824 1646/821 1647/822 1648/823
f 1641/824 1644/821 1646/822 1645/823
f 1644/824 1643/821 1647/822 1646/823
f 1643/824 1642/821 1648/822 1647/823
f 1642/824 1641/821 1645/822 1648/823
f 1649/825 1650/826 1651/827 1652/828
f 1653/828 1654/825 1655/826 1656/827
f 1649/828 1652/825 1654/826 1653/827
f 1652/828 1651/825 1655/826 1654/827
f 1651/828 1650/825 1656/826 1655/827
f 1650/828 1649/825 1653/826 1656/827
f 1657/829 1658/830 1659/831 1660/832
f 1661/832 1662/829 1663/830 1664/831
f 1657/832 1660/829 1662/830 1661/831
f 1660/832 1659/829 1663/830 1662/831
f 1659/832 1658/829 1664/830 1663/831
f 1658/832 1657/829 1661/830 1664/831
f 1665/833 1666/834 1667/835 1668/836
f 1669/836 1670/833 1671/834 1672/835
f 1665/836 1668/833 1670/834 1669/835
f 1668/836 1667/833 1671/834 1670/835
f 1667/836 1666/833 1672/834 1671/835
f 1666/836 1665/833 1669/834 1672/835
f 1673/837 1674/838 1675/839 1676/840
f 1677/840 1678/837 1679/838 1680/839
f 1673/840 1676/837 1678/838 1677/839
f 1676/840 1675/837 1679/838 1678/839
f 1675/840 1674/837 1680/838 1679/839
f 1674/840 1673/837 1677/838 1680/839
f 1681/841 1682/842 1683/843 1684/844
f 1685/844 1686/841 1687/842 1688/843
f 1681/844 1684/841 1686/842 1685/843
f 1684/844 1683/841 1687/842 1686/843
f 1683/844 1682/841 1688/842 1687/843
f 1682/844 1681/841 1685/842 1688/843
f 1689/845 1690/846 1691/847 1692/848
f 1693/848 1694/845 1695/846 1696/847
f 1689/848 1692/845 1694/846 1693/847
f 1692/848 1691/845 1695/846 1694/847
f 1691/848 1690/845 1696/846 1695/847
f 1690/848 1689/845 1693/846 1696/847
f 1697/849 1698/850 1699/851 1700/852
f 1701/852 1702/849 1703/850 1704/851
f 1697/852 1700/849 1702/850 1701/851
f 1700/852 1699/849 1703/850 1702/851
f 1699/852 1698/849 1704/850 1703/851
f 1698/852 1697/849 1701/850 1704/851
f 1705/853 1706/854 1707/855 1708/856
f 1709/856 1710/853 1711/854 1712/855
f 1705/856 1708/853 1710/854 1709/855
f 1708/856 1707/853 1711/854 1710/855
f 1707/856 1706/853 1712/854 1711/855
f 1706/856 1705/853 1709/854 1712/855
f 1713/857 1714/858 1715/859 1716/860
f 1717/860 1718/857 1719/858 1720/859
f 1713/860 1716/857 1718/858 1717/859
f 1716/860 1715/857 1719/858 1718/859
f 1715/860 1714/857 1720/858 1719/859
f 1714/860 1713/857 1717/858 1720/859
f 1721/861 1722/862 1723/863 1724/864
f 1725/864 1726/861 1727/862 1728/863
f 1721/864 1724/861 1726/862 1725/863
f 1724/864 1723/861 1727/862 1726/863
f 1723/864 1722/861 1728/862 1727/863
f 1722/864 1721/861 1725/862 1728/863
f 1729/865 1730/866 1731/867 1732/868
f 1733/868 1734/865 1735/866 1736/867
f 1729/868 1732/865 1734/866 1733/867
f 1732/868 1731/865 1735/866 1734/867
f 1731/868 1730/865 1736/866 1735/867
f 1730/868 1729/865 1733/866 1736/867
f 1737/869 1738/870 1739/871 1740/872
f 1741/872 1742/869 1743/870 1744/871
f 1737/872 1740/869 1742/870 1741/871
f 1740/872 1739/869 1743/870 1742/871
f 1739/872 1738/869 1744/870 1743/871
f 1738/872 1737/869 1741/870 1744/871
f 1745/873 1746/874 1747/875 1748/876
f 1749/876 1750/873 1751/874 1752/875
f 1745/876 1748/873 1750/874 1749/875
f 1748/876 1747/873 1751/874 1750/875
f 1747/876 1746/873 1752/874 1751/875
f 1746/876 1745/873 1749/874 1752/875
f 1753/877 1754/878 1755/879 1756/880
f 1757/880 1758/877 1759/878 1760/879
f 1753/880 1756/877 1758/878 1757/879
f 1756/880 1755/877 1759/878 1758/879
f 1755/880 1754/877 1760/878 1759/879
f 1754/880 1753/877 1757/878 1760/879
f 1761/881 1762/882 1763/883 1764/884
f 1765/884 1766/881 1767/882 1768/883
f 1761/884 1764/881 1766/882 1765/883
f 1764/884 1763/881 1767/882 1766/883
f 1763/884 1762/881 1768/882 1767/883
f 1762/884 1761/881 1765/882 1768/883
f 1769/885 1770/886 1771/887 1772/888
f 1773/888 1774/885 1775/886 1776/887
f 1769/888 1772/885 1774/886 1773/887
f 1772/888 1771/885 1775/886 1774/887
f 1771/888 1770/885 1776/886 1775/887
f 1770/888 1769/885 1773/886 1776/887
f 1777/889 1778/890 1779/891 1780/892
f 1781/892 1782/889 1783/890 1784/891
f 1777/892 1780/889 1782/890 1781/891
f 1780/892 1779/889 1783/890 1782/891
f 1779/892 1778/889 1784/890 1783/891
f 1778/892 1777/889 1781/890 1784/891
f 1785/893 1786/894 1787/895 1788/896
f 1789/896 1790/893 1791/894 1792/895
f 1785/896 1788/893 1790/894 1789/895
f 1788/896 1787/893 1791/894 1790/895
f 1787/896 1786/893 1792/894 1791/895
f 1786/896 1785/893 1789/894 1792/895
f 1793/897 1794/898 1795/899 1796/900
f 1797/900 1798/897 1799/898 1800/899
f 1793/900 1796/897 1798/898 1797/899
f 1796/900 1795/897 1799/898 1798/899
f 1795/900 1794/897 1800/898 1799/899
f 1794/900 1793/897 1797/898 1800/899
f 1801/901 1802/902 1803/903 1804/904
f 1805/904 1806/901 1807/902 1808/903
f 1801/904 1804/901 1806/902 1805/903
f 1804/904 1803/901 1807/902 1806/903
f 1803/904 1802/901 1808/902 1807/903
f 1802/904 1801/901 1805/902 1808/903
f 1809/905 1810/906 1811/907 1812/908
f 1813/908 1814/905 1815/906 1816/907
f 1809/908 1812/905 1814/906 1813/907
f 1812/908 1811/905 1815/906 1814/907
f 1811/908 1810/905 1816/906 1815/907
f 1810/908 1809/905 1813/906 1816/907
f 1817/909 1818/910 1819/911 1820/912
f 1821/912 1822/909 1823/910 1824/911
f 1817/912 1820/909 1822/910 1821/911
f 1820/912 1819/909 1823/910 1822/911
f 1819/912 1818/909 1824/910 1823/911
f 1818/912 1817/909 1821/910 1824/911
f 1825/913 1826/914 1827/915 1828/916
f 1829/916 1830/913 1831/914 1832/915
f 1825/916 1828/913 1830/914 1829/915
f 1828/916 1827/913 1831/914 1830/915
f 1827/916 1826/913 1832/914 1831/915
f 1826/916 1825/913 1829/914 1832/915
f 1833/917 1834/918 1835/919 1836/920
f 1837/920 1838/917 1839/918 1840/919
f 1833/920 1836/917 1838/918 1837/919
f 1836/920 1835/917 1839/918 1838/919
f 1835/920 1834/917 1840/918 1839/919
f 1834/920 1833/917 1837/918 1840/919
f 1841/921 1842/922 1843/923 1844/924
f 1845/924 1846/921 1847/922 1848/923
f 1841/924 1844/921 1846/922 1845/923
f 1844/924 1843/921 1847/922 1846/923
f 1843/924 1842/921 1848/922 1847/923
f 1842/924 1841/921 1845/922 1848/923
f 1849/925 1850/926 1851/927 1852/928
f 1853/928 1854/925 1855/926 1856/927
f 1849/928 1852/925 1854/926 1853/927
f 1852/928 1851/925 1855/926 1854/927
f 1851/928 1850/925 1856/926 1855/927
f 1850/928 1849/925 1853/926 1856/927
f 1857/929 1858/930 1859/931 1860/932
f 1861/932 1862/929 1863/930 1864/931
f 1857/932 1860/929 1862/930 1861/931
f 1860/932 1859/929 1863/930 1862/931
f 1859/932 1858/929 1864/930 1863/931
f 1858/932 1857/929 1861/930 1864/931
f 1865/933 1866/934 1867/935 1868/936
f 1869/936 1870/933 1871/934 1872/935
f 1865/936 1868/933 1870/934 1869/935
f 1868/936 1867/933 1871/934 1870/935
f 1867/936 1866/933 1872/934 1871/935
f 1866/936 1865/933 1869/934 1872/935
f 1873/937 1874/938 1875/939 1876/940
f 1877/940 1878/937 1879/938 1880/939
f 1873/940 1876/937 1878/938 1877/939
f 1876/940 1875/937 1879/938 1878/939
f 1875/940 1874/937 1880/938 1879/939
f 1874/940 1873/937 1877/938 1880/939
f 1881/941 1882/942 1883/943 1884/944
f 1885/944 1886/941 1887/942 1888/943
f 1881/944 1884/941 1886/942 1885/943
f 1884/944 1883/941 1887/942 1886/943
f 1883/944 1882/941 1888/942 1887/943
f 1882/944 1881/941 1885/942 1888/943
f 1889/945 1890/946 1891/947 1892/948
f 1893/948 1894/945 1895/946 1896/947
f 1889/948 1892/945 1894/946 1893/947
f 1892/948 1891/945 1895/946 1894/947
f 1891/948 1890/945 1896/946 1895/947
f 1890/948 1889/945 1893/946 1896/947
f 1897/949 1898/950 1899/951 1900/952
f 1901/952 1902/949 1903/950 1904/951
f 1897/952 1900/949 1902/950 1901/951
f 1900/952 1899/949 1903/950 1902/951
f 1899/952 1898/949 1904/950 1903/951
f 1898/952 1897/949 1901/950 1904/951
f 1905/953 1906/954 1907/955 1908/956
f 1909/956 1910/953 1911/954 1912/955
f 1905/956 1908/953 1910/954 1909/955
f 1908/956 1907/953 1911/954 1910/955
f 1907/956 1906/953 1912/954 1911/955
f 1906/956 1905/953 1909/954 1912/955
f 1913/957 1914/958 1915/959 1916/960
f 1917/960 1918/957 1919/958 1920/959
f 1913/960 1916/957 1918/958 1917/959
f 1916/960 1915/957 1919/958 1918/959
f 1915/960 1914/957 1920/958 1919/959
f 1914/960 1913/957 1917/958 1920/959
f 1921/961 1922/962 1923/963 1924/964
f 1925/964 1926/961 1927/962 1928/963
f 1921/964 1924/961 1926/962 1925/963
f 1924/964 1923/961 1927/962 1926/963
f 1923/964 1922/961 1928/962 1927/963
f 1922/964 1921/961 1925/962 1928/963
f 1929/965 1930/966 1931/967 1932/968
f 1933/968 1934/965 1935/966 1936/967
f 1929/968 1932/965 1934/966 1933/967
f 1932/968 1931/965 1935/966 1934/967
f 1931/968 1930/965 1936/966 1935/967
f 1930/968 1929/965 1933/966 1936/967
f 1937/969 1938/970 1939/971 1940/972
f 1941/972 1942/969 1943/970 1944/971
f 1937/972 1940/969 1942/970 1941/971
f 1940/972 1939/969 1943/970 1942/971
f 1939/972 1938/969 1944/970 1943/971
f 1938/972 1937/969 1941/970 1944/971
f 1945/973 1946/974 1947/975 1948/976
f 1949/976 1950/973 1951/974 1952/975
f 1945/976 1948/973 1950/974 1949/975
f 1948/976 1947/973 1951/974 1950/975
f 1947/976 1946/973 1952/974 1951/975
f 1946/976 1945/973 1949/974 1952/975
f 1953/977 1954/978 1955/979 1956/980
f 1957/980 1958/977 1959/978 1960/979
f 1953/980 1956/977 1958/978 1957/979
f 1956/980 1955/977 1959/978 1958/979
f 1955/980 1954/977 1960/978 1959/979
f 1954/980 1953/977 1957/978 1960/979
f 1961/981 1962/982 1963/983 1964/984
f 1965/984 1966/981 1967/982 1968/983
f 1961/984 1964/981 1966/982 1965/983
f 1964/984 1963/981 1967/982 1966/983
f 1963/984 1962/981 1968/982 1967/983
f 1962/984 1961/981 1965/982 1968/983
f 1969/985 1970/986 1971/987 1972/988
f 1973/988 1974/985 1975/986 1976/987
f 1969/988 1972/985 1974/986 1973/987
f 1972/988 1971/985 1975/986 1974/987
f 1971/988 1970/985 1976/986 1975/987
f 1970/988 1969/985 1973/986 1976/987
f 1977/989 1978/990 1979/991 1980/992
f 1981/992 1982/989 1983/990 1984/991
f 1977/992 1980/989 1982/990 1981/991
f 1980/992 1979/989 1983/990 1982/991
f 1979/992 1978/989 1984/990 1983/991
f 1978/992 1977/989 1981/990 1984/991
f 1985/993 1986/994 1987/995 1988/996
f 1989/996 1990/993 1991/994 1992/995
f 1985/996 1988/993 1990/994 1989/995
f 1988/996 1987/993 1991/994 1990/995
f 1987/996 1986/993 1992/994 1991/995
f 1986/996 1985/993 1989/994 1992/995
f 1993/997 1994/998 1995/999 1996/1000
f 1997/1000 1998/997 1999/998 2000/999
f 1993/1000 1996/997 1998/998 1997/999
f 1996/1000 1995/997 1999/998 1998/999
f 1995/1000 1994/997 2000/998 1999/999
f 1994/1000 1993/997 1997/998 2000/999
f 2001/1001 2002/1002 2003/1003 2004/1004
f 2005/1004 2006/1001 2007/1002 2008/1003
f 2001/1004 2004/1001 2006/1002 2005/1003
f 2004/1004 2003/1001 2007/1002 2006/1003
f 2003/1004 2002/1001 2008/1002 2007/1003
f 2002/1004 2001/1001 2005/1002 2008/1003
f 2009/1005 2010/1006 2011/1007 2012/1008
f 2013/1008 2014/1005 2015/1006 2016/1007
f 2009/1008 2012/1005 2014/1006 2013/1007
f 2012/1008 2011/1005 2015/1006 2014/1007
f 2011/1008 2010/1005 2016/1006 2015/1007
f 2010/1008 2009/1005 2013/1006 2016/1007
f 2017/1009 2018/1010 2019/1011 2020/1012
f 2021/1012 2022/1009 2023/1010 2024/1011
f 2017/1012 2020/1009 2022/1010 2021/1011
f 2020/1012 2019/1009 2023/1010 2022/1011
f 2019/1012 2018/1009 2024/1010 2023/1011
f 2018/1012 2017/1009 2021/1010 2024/1011
f 2025/1013 2026/1014 2027/1015 2028/1016
f 2029/1016 2030/1013 2031/1014 2032/1015
f 2025/1016 2028/1013 2030/1014 2029/1015
f 2028/1016 2027/1013 2031/1014 2030/1015
f 2027/1016 2026/1013 2032/1014 2031/1015
f 2026/1016 2025/1013 2029/1014 2032/1015
f 2033/1017 2034/1018 2035/1019 2036/1020
f 2037/1020 2038/1017 2039/1018 2040/1019
f 2033/1020 2036/1017 2038/1018 2037/1019
f 2036/1020 2035/1017 2039/1018 2038/1019
f 2035/1020 2034/1017 2040/1018 2039/1019
f 2034/1020 2033/1017 2037/1018 2040/1019
f 2041/1021 2042/1022 2043/1023 2044/1024
f 2045/1024 2046/1021 2047/1022 2048/1023
f 2041/1024 2044/1021 2046/1022 2045/1023
f 2044/1024 2043/1021 2047/1022 2046/1023
f 2043/1024 2042/1021 2048/1022 2047/1023
f 2042/1024 2041/1021 2045/1022 2048/1023
f 2049/1025 2050/1026 2051/1027 2052/1028
f 2053/1028 2054/1025 2055/1026 2056/1027
f 2049/1028 2052/1025 2054/1026 2053/1027
f 2052/1028 2051/1025 2055/1026 2054/1027
f 2051/1028 2050/1025 2056/1026 2055/1027
f 2050/1028 2049/1025 2053/1026 2056/1027
f 2057/1029 2058/1030 2059/1031 2060/1032
f 2061/1032 2062/1029 2063/1030 2064/1031
f 2057/1032 2060/1029 2062/1030 2061/1031
f 2060/1032 2059/1029 2063/1030 2062/1031
f 2059/1032 2058/1029 2064/1030 2063/1031
f 2058/1032 2057/1029 2061/1030 2064/1031
f 2065/1033 2066/1034 2067/1035 2068/1036
f 2069/1036 2070/1033 2071/1034 2072/1035
f 2065/1036 2068/1033 2070/1034 2069/1035
f 2068/1036 2067/1033 2071/1034 2070/1035
f 2067/1036 2066/1033 2072/1034 2071/1035
f 2066/1036 2065/1033 2069/1034 2072/1035
f 2073/1037 2074/1038 2075/1039 2076/1040
f 2077/1040 2078/1037 2079/1038 2080/1039
f 2073/1040 2076/1037 2078/1038 2077/1039
f 2076/1040 2075/1037 2079/1038 2078/1039
f 2075/1040 2074/1037 2080/1038 2079/1039
f 2074/1040 2073/1037 2077/1038 2080/1039
f 2081/1041 2082/1042 2083/1043 2084/1044
f 2085/1044 2086/1041 2087/1042 2088/1043
f 2081/1044 2084/1041 2086/1042 2085/1043
f 2084/1044 2083/1041 2087/1042 2086/1043
f 2083/1044 2082/1041 2088/1042 2087/1043
f 2082/1044 2081/1041 2085/1042 2088/1043
f 2089/1045 2090/1046 2091/1047 2092/1048
f 2093/1048 2094/1045 2095/1046 2096/1047
f 2089/1048 2092/1045 2094/1046 2093/1047
f 2092/1048 2091/1045 2095/1046 2094/1047
f 2091/1048 2090/1045 2096/1046 2095/1047
f 2090/1048 2089/1045 2093/1046 2096/1047
f 2097/1049 2098/1050 2099/1051 2100/1052
f 2101/1052 2102/1049 2103/1050 2104/1051
f 2097/1052 2100/1049 2102/1050 2101/1051
f 2100/1052 2099/1049 2103/1050 2102/1051
f 2099/1052 2098/1049 2104/1050 2103/1051
f 2098/1052 2097/1049 2101/1050 2104/1051
f 2105/1053 2106/1054 2107/1055 2108/1056
f 2109/1056 2110/1053 2111/1054 2112/1055
f 2105/1056 2108/1053 2110/1054 2109/1055
f 2108/1056 2107/1053 2111/1054 2110/1055
f 2107/1056 2106/1053 2112/1054 2111/1055
f 2106/1056 2105/1053 2109/1054 2112/1055
f 2113/1057 2114/1058 2115/1059 2116/1060
f 2117/1060 2118/1057 2119/1058 2120/1059
f 2113/1060 2116/1057 2118/1058 2117/1059
f 2116/1060 2115/1057 2119/1058 2118/1059
f 2115/1060 2114/1057 2120/1058 2119/1059
f 2114/1060 2113/1057 2117/1058 2120/1059
f 2121/1061 2122/1062 2123/1063 2124/1064
f 2125/1064 2126/1061 2127/1062 2128/1063
f 2121/1064 2124/1061 2126/1062 2125/1063
f 2124/1064 2123/1061 2127/1062 2126/1063
f 2123/1064 2122/1061 2128/1062 2127/1063
f 2122/1064 2121/1061 2125/1062 2128/1063
f 2129/1065 2130/1066 2131/1067 2132/1068
f 2133/1068 2134/1065 2135/1066 2136/1067
f 2129/1068 2132/1065 2134/1066 2133/1067
f 2132/1068 2131/1065 2135/1066 2134/1067
f 2131/1068 2130/1065 2136/1066 2135/1067
f 2130/1068 2129/1065 2133/1066 2136/1067
f 2137/1069 2138/1070 2139/1071 2140/1072
f 2141/1072 2142/1069 2143/1070 2144/1071
f 2137/1072 2140/1069 2142/1070 2141/1071
f 2140/1072 2139/1069 2143/1070 2142/1071
f 2139/1072 2138/1069 2144/1070 2143/1071
f 2138/1072 2137/1069 2141/1070 2144/1071
f 2145/1073 2146/1074 2147/1075 2148/1076
f 2149/1076 2150/1073 2151/1074 2152/1075
f 2145/1076 2148/1073 2150/1074 2149/1075
f 2148/1076 2147/1073 2151/1074 2150/1075
f 2147/1076 2146/1073 2152/1074 2151/1075
f 2146/1076 2145/1073 2149/1074 2152/1075
f 2153/1077 2154/1078 2155/1079 2156/1080
f 2157/1080 2158/1077 2159/1078 2160/1079
f 2153/1080 2156/1077 2158/1078 2157/1079
f 2156/1080 2155/1077 2159/1078 2158/1079
f 2155/1080 2154/1077 2160/1078 2159/1079
f 2154/1080 2153/1077 2157/1078 2160/1079
f 2161/1081 2162/1082 2163/1083 2164/1084
f 2165/1084 2166/1081 2167/1082 2168/1083
f 2161/1084 2164/1081 2166/1082 2165/1083
f 2164/1084 2163/1081 2167/1082 2166/1083
f 2163/1084 2162/1081 2168/1082 2167/1083
f 2162/1084 2161/1081 2165/1082 2168/1083
f 2169/1085 2170/1086 2171/1087 2172/1088
f 2173/1088 2174/1085 2175/1086 2176/1087
f 2169/1088 2172/1085 2174/1086 2173/1087
f 2172/1088 2171/1085 2175/1086 2174/1087
f 2171/1088 2170/1085 2176/1086 2175/1087
f 2170/1088 2169/1085 2173/1086 2176/1087
f 2177/1089 2178/1090 2179/1091 2180/1092
f 2181/1092 2182/1089 2183/1090 2184/1091
f 2177/1092 2180/1089 2182/1090 2181/1091
f 2180/1092 2179/1089 2183/1090 2182/1091
f 2179/1092 2178/1089 2184/1090 2183/1091
f 2178/1092 2177/1089 2181/1090 2184/1091
f 2185/1093 2186/1094 2187/1095 2188/1096
f 2189/1096 2190/1093 2191/1094 2192/1095
f 2185/1096 2188/1093 2190/1094 2189/1095
f 2188/1096 2187/1093 2191/1094 2190/1095
f 2187/1096 2186/1093 2192/1094 2191/1095
f 2186/1096 2185/1093 2189/1094 2192/1095
f 2193/1097 2194/1098 2195/1099 2196/1100
f 2197/1100 2198/1097 2199/1098 2200/1099
f 2193/1100 2196/1097 2198/1098 2197/1099
f 2196/1100 2195/1097 2199/1098 2198/1099
f 2195/1100 2194/1097 2200/1098 2199/1099
f 2194/1100 2193/1097 2197/1098 2200/1099
f 2201/1101 2202/1102 2203/1103 2204/1104
f 2205/1104 2206/1101 2207/1102 2208/1103
f 2201/1104 2204/1101 2206/1102 2205/1103
f 2204/1104 2203/1101 2207/1102 2206/1103
f 2203/1104 2202/1101 2208/1102 2207/1103
f 2202/1104 2201/1101 2205/1102 2208/1103
f 2209/1105 2210/1106 2211/1107 2212/1108
f 2213/1108 2214/1105 2215/1106 2216/1107
f 2209/1108 2212/1105 2214/1106 2213/1107
f 2212/1108 2211/1105 2215/1106 2214/1107
f 2211/1108 2210/1105 2216/1106 2215/1107
f 2210/1108 2209/1105 2213/1106 2216/1107
f 2217/1109 2218/1110 2219/1111 2220/1112
f 2221/1112 2222/1109 2223/1110 2224/1111
f 2217/1112 2220/1109 2222/1110 2221/1111
f 2220/1112 2219/1109 2223/1110 2222/1111
f 2219/1112 2218/1109 2224/1110 2223/1111
f 2218/1112 2217/1109 2221/1110 2224/1111
f 2225/1113 2226/1114 2227/1115 2228/1116
f 2229/1116 2230/1113 2231/1114 2232/1115
f 2225/1116 2228/1113 2230/1114 2229/1115
f 2228/1116 2227/1113 2231/1114 2230/1115
f 2227/1116 2226/1113 2232/1114 2231/1115
f 2226/1116 2225/1113 2229/1114 2232/1115
f 2233/1117 2234/1118 2235/1119 2236/1120
f 2237/1120 2238/1117 2239/1118 2240/1119
f 2233/1120 2236/1117 2238/1118 2237/1119
f 2236/1120 2235/1117 2239/1118 2238/1119
f 2235/1120 2234/1117 2240/1118 2239/1119
f 2234/1120 2233/1117 2237/1118 2240/1119
f 2241/1121 2242/1122 2243/1123 2244/1124
f 2245/1124 2246/1121 2247/1122 2248/1123
f 2241/1124 2244/1121 2246/1122 2245/1123
f 2244/1124 2243/1121 2247/1122 2246/1123
f 2243/1124 2242/1121 2248/1122 2247/1123
f 2242/1124 2241/1121 2245/1122 2248/1123
f 2249/1125 2250/1126 2251/1127 2252/1128
f 2253/1128 2254/1125 2255/1126 2256/1127
f 2249/1128 2252/1125 2254/1126 2253/1127
f 2252/1128 2251/1125 2255/1126 2254/1127
f 2251/1128 2250/1125 2256/1126 2255/1127
f 2250/1128 2249/1125 2253/1126 2256/1127
f 2257/1129 2258/1130 2259/1131 2260/1132
f 2261/1132 2262/1129 2263/1130 2264/1131
f 2257/1132 2260/1129 2262/1130 2261/1131
f 2260/1132 2259/1129 2263/1130 2262/1131
f 2259/1132 2258/1129 2264/1130 2263/1131
f 2258/1132 2257/1129 2261/1130 2264/1131
f 2265/1133 2266/1134 2267/1135 2268/1136
f 2269/1136 2270/1133 2271/1134 2272/1135
f 2265/1136 2268/1133 2270/1134 2269/1135
f 2268/1136 2267/1133 2271/1134 2270/1135
f 2267/1136 2266/1133 2272/1134 2271/1135
f 2266/1136 2265/1133 2269/1134 2272/1135
f 2273/1137 2274/1138 2275/1139 2276/1140
f 2277/1140 2278/1137 2279/1138 2280/1139
f 2273/1140 2276/1137 2278/1138 2277/1139
f 2276/1140 2275/1137 2279/1138 2278/1139
f 2275/1140 2274/1137 2280/1138 2279/1139
f 2274/1140 2273/1137 2277/1138 2280/1139
f 2281/1141 2282/1142 2283/1143 2284/1144
f 2285/1144 2286/1141 2287/1142 2288/1143
f 2281/1144 2284/1141 2286/1142 2285/1143
f 2284/1144 2283/1141 2287/1142 2286/1143
f 2283/1144 2282/1141 2288/1142 2287/1143
f 2282/1144 2281/1141 2285/1142 2288/1143
f 2289/1145 2290/1146 2291/1147 2292/1148
f 2293/1148 2294/1145 2295/1146 2296/1147
f 2289/1148 2292/1145 2294/1146 2293/1147
f 2292/1148 2291/1145 2295/1146 2294/1147
f 2291/1148 2290/1145 2296/1146 2295/1147
f 2290/1148 2289/1145 2293/1146 2296/1147
f 2297/1149 2298/1150 2299/1151 2300/1152
f 2301/1152 2302/1149 2303/1150 2304/1151
f 2297/1152 2300/1149 2302/1150 2301/1151
f 2300/1152 2299/1149 2303/1150 2302/1151
f 2299/1152 2298/1149 2304/1150 2303/1151
f 2298/1152 2297/1149 2301/1150 2304/1151
f 2305/1153 2306/1154 2307/1155 2308/1156
f 2309/1156 2310/1153 2311/1154 2312/1155
f 2305/1156 2308/1153 2310/1154 2309/1155
f 2308/1156 2307/1153 2311/1154 2310/1155
f 2307/1156 2306/1153 2312/1154 2311/1155
f 2306/1156 2305/1153 2309/1154 2312/1155
f 2313/1157 2314/1158 2315/1159 2316/1160
f 2317/1160 2318/1157 2319/1158 2320/1159
f 2313/1160 2316/1157 2318/1158 2317/1159
f 2316/1160 2315/1157 2319/1158 2318/1159
f 2315/1160 2314/1157 2320/1158 2319/1159
f 2314/1160 2313/1157 2317/1158 2320/1159
f 2321/1161 2322/1162 2323/1163 2324/1164
f 2325/1164 2326/1161 2327/1162 2328/1163
f 2321/1164 2324/1161 2326/1162 2325/1163
f 2324/1164 2323/1161 2327/1162 2326/1163
f 2323/1164 2322/1161 2328/1162 2327/1163
f 2322/1164 2321/1161 2325/1162 2328/1163
f 2329/1165 2330/1166 2331/1167 2332/1168
f 2333/1168 2334/1165 2335/1166 2336/1167
f 2329/1168 2332/1165 2334/1166 2333/1167
f 2332/1168 2331/1165 2335/1166 2334/1167
f 2331/1168 2330/1165 2336/1166 2335/1167
f 2330/1168 2329/1165 2333/1166 2336/1167
f 2337/1169 2338/1170 2339/1171 2340/1172
f 2341/1172 2342/1169 2343/1170 2344/1171
f 2337/1172 2340/1169 2342/1170 2341/1171
f 2340/1172 2339/1169 2343/1170 2342/1171
f 2339/1172 2338/1169 2344/1170 2343/1171
f 2338/1172 2337/1169 2341/1170 2344/1171
f 2345/1173 2346/1174 2347/1175 2348/1176
f 2349/1176 2350/1173 2351/1174 2352/1175
f 2345/1176 2348/1173 2350/1174 2349/1175
f 2348/1176 2347/1173 2351/1174 2350/1175
f 2347/1176 2346/1173 2352/1174 2351/1175
f 2346/1176 2345/1173 2349/1174 2352/1175
f 2353/1177 2354/1178 2355/1179 2356/1180
f 2357/1180 2358/1177 2359/1178 2360/1179
f 2353/1180 2356/1177 2358/1178 2357/1179
f 2356/1180 2355/1177 2359/1178 2358/1179
f 2355/1180 2354/1177 2360/1178 2359/1179
f 2354/1180 2353/1177 2357/1178 2360/1179
f 2361/1181 2362/1182 2363/1183 2364/1184
f 2365/1184 2366/1181 2367/1182 2368/1183
f 2361/1184 2364/1181 2366/1182 2365/1183
f 2364/1184 2363/1181 2367/1182 2366/1183
f 2363/1184 2362/1181 2368/1182 2367/1183
f 2362/1184 2361/1181 2365/1182 2368/1183
f 2369/1185 2370/1186 2371/1187 2372/1188
f 2373/1188 2374/1185 2375/1186 2376/1187
f 2369/1188 2372/1185 2374/1186 2373/1187
f 2372/1188 2371/1185 2375/1186 2374/1187
f 2371/1188 2370/1185 2376/1186 2375/1187
f 2370/1188 2369/1185 2373/1186 2376/1187
f 2377/1189 2378/1190 2379/1191 2380/1192
f 2381/1192 2382/1189 2383/1190 2384/1191
f 2377/1192 2380/1189 2382/1190 2381/1191
f 2380/1192 2379/1189 2383/1190 2382/1191
f 2379/1192 2378/1189 2384/1190 2383/1191
f 2378/1192 2377/1189 2381/1190 2384/1191
f 2385/1193 2386/1194 2387/1195 2388/1196
f 2389/1196 2390/1193 2391/1194 2392/1195
f 2385/1196 2388/1193 2390/1194 2389/1195
f 2388/1196 2387/1193 2391/1194 2390/1195
f 2387/1196 2386/1193 2392/1194 2391/1195
f 2386/1196 2385/1193 2389/1194 2392/1195
f 2393/1197 2394/1198 2395/1199 2396/1200
f 2397/1200 2398/1197 2399/1198 2400/1199
f 2393/1200 2396/1197 2398/1198 2397/1199
f 2396/1200 2395/1197 2399/1198 2398/1199
f 2395/1200 2394/1197 2400/1198 2399/1199
f 2394/1200 2393/1197 2397/1198 2400/1199

g links
usemtl links
f 2401/1201 2402/1202 2403/1203 2404/1204
f 2405/1204 2406/1201 2407/1202 2408/1203
f 2401/1204 2404/1201 2406/1202 2405/1203
f 2404/1204 2403/1201 2407/1202 2406/1203
f 2403/1204 2402/1201 2408/1202 2407/1203
f 2402/1204 2401/1201 2405/1202 2408/1203
f 2409/1205 2410/1206 2411/1207 2412/1208
f 2413/1208 2414/1205 2415/1206 2416/1207
f 2409/1208 2412/1205 2414/1206 2413/1207
f 2412/1208 2411/1205 2415/1206 2414/1207
f 2411/1208 2410/1205 2416/1206 2415/1207
f 2410/1208 2409/1205 2413/1206 2416/1207
f 2417/1209 2418/1210 2419/1211 2420/1212
f 2421/1212 2422/1209 2423/1210 2424/1211
f 2417/1212 2420/1209 2422/1210 2421/1211
f 2420/1212 2419/1209 2423/1210 2422/1211
f 2419/1212 2418/1209 2424/1210 2423/1211
f 2418/1212 2417/1209 2421/1210 2424/1211
f 2425/1213 2426/1214 2427/1215 2428/1216
f 2429/1216 2430/1213 2431/1214 2432/1215
f 2425/1216 2428/1213 2430/1214 2429/1215
f 2428/1216 2427/1213 2431/1214 2430/1215
f 2427/1216 2426/1213 2432/1214 2431/1215
f 2426/1216 2425/1213 2429/1214 2432/1215
f 2433/1217 2434/1218 2435/1219 2436/1220
f 2437/1220 2438/1217 2439/1218 2440/1219
f 2433/1220 2436/1217 2438/1218 2437/1219
f 2436/1220 2435/1217 2439/1218 2438/1219
f 2435/1220 2434/1217 2440/1218 2439/1219
f 2434/1220 2433/1217 2437/1218 2440/1219
f 2441/1221 2442/1222 2443/1223 2444/1224
f 2445/1224 2446/1221 2447/1222 2448/1223
f 2441/1224 2444/1221 2446/1222 2445/1223
f 2444/1224 2443/1221 2447/1222 2446/1223
f 2443/1224 2442/1221 2448/1222 2447/1223
f 2442/1224 2441/1221 2445/1222 2448/1223
f 2449/1225 2450/1226 2451/1227 2452/1228
f 2453/1228 2454/1225 2455/1226 2456/1227
f 2449/1228 2452/1225 2454/1226 2453/1227
f 2452/1228 2451/1225 2455/1226 2454/1227
f 2451/1228 2450/1225 2456/1226 2455/1227
f 2450/1228 2449/1225 2453/1226 2456/1227
f 2457/1229 2458/1230 2459/1231 2460/1232
f 2461/1232 2462/1229 2463/1230 2464/1231
f 2457/1232 2460/1229 2462/1230 2461/1231
f 2460/1232 2459/1229 2463/1230 2462/1231
f 2459/1232 2458/1229 2464/1230 2463/1231
f 2458/1232 2457/1229 2461/1230 2464/1231
f 2465/1233 2466/1234 2467/1235 2468/1236
f 2469/1236 2470/1233 2471/1234 2472/1235
f 2465/1236 2468/1233 2470/1234 2469/1235
f 2468/1236 2467/1233 2471/1234 2470/1235
f 2467/1236 2466/1233 2472/1234 2471/1235
f 2466/1236 2465/1233 2469/1234 2472/1235
f 2473/1237 2474/1238 2475/1239 2476/1240
f 2477/1240 2478/1237 2479/1238 2480/1239
f 2473/1240 2476/1237 2478/1238 2477/1239
f 2476/1240 2475/1237 2479/1238 2478/1239
f 2475/1240 2474/1237 2480/1238 2479/1239
f 2474/1240 2473/1237 2477/1238 2480/1239
f 2481/1241 2482/1242 2483/1243 2484/1244
f 2485/1244 2486/1241 2487/1242 2488/1243
f 2481/1244 2484/1241 2486/1242 2485/1243
f 2484/1244 2483/1241 2487/1242 2486/1243
f 2483/1244 2482/1241 2488/1242 2487/1243
f 2482/1244 2481/1241 2485/1242 2488/1243
f 2489/1245 2490/1246 2491/1247 2492/1248
f 2493/1248 2494/1245 2495/1246 2496/1247
f 2489/1248 2492/1245 2494/1246 2493/1247
f 2492/1248 2491/1245 2495/1246 2494/1247
f 2491/1248 2490/1245 2496/1246 2495/1247
f 2490/1248 2489/1245 2493/1246 2496/1247
f 2497/1249 2498/1250 2499/1251 2500/1252
f 2501/1252 2502/1249 2503/1250 2504/1251
f 2497/1252 2500/1249 2502/1250 2501/1251
f 2500/1252 2499/1249 2503/1250 2502/1251
f 2499/1252 2498/1249 2504/1250 2503/1251
f 2498/1252 2497/1249 2501/1250 2504/1251
f 2505/1253 2506/1254 2507/1255 2508/1256
f 2509/1256 2510/1253 2511/1254 2512/1255
f 2505/1256 2508/1253 2510/1254 2509/1255
f 2508/1256 2507/1253 2511/1254 2510/1255
f 2507/1256 2506/1253 2512/1254 2511/1255
f 2506/1256 2505/1253 2509/1254 2512/1255
f 2513/1257 2514/1258 2515/1259 2516/1260
f 2517/1260 2518/1257 2519/1258 2520/1259
f 2513/1260 2516/1257 2518/1258 2517/1259
f 2516/1260 2515/1257 2519/1258 2518/1259
f 2515/1260 2514/1257 2520/1258 2519/1259
f 2514/1260 2513/1257 2517/1258 2520/1259
f 2521/1261 2522/1262 2523/1263 2524/1264
f 2525/1264 2526/1261 2527/1262 2528/1263
f 2521/1264 2524/1261 2526/1262 2525/1263
f 2524/1264 2523/1261 2527/1262 2526/1263
f 2523/1264 2522/1261 2528/1262 2527/1263
f 2522/1264 2521/1261 2525/1262 2528/1263
f 2529/1265 2530/1266 2531/1267 2532/1268
f 2533/1268 2534/1265 2535/1266 2536/1267
f 2529/1268 2532/1265 2534/1266 2533/1267
f 2532/1268 2531/1265 2535/1266 2534/1267
f 2531/1268 2530/1265 2536/1266 2535/1267
f 2530/1268 2529/1265 2533/1266 2536/1267
f 2537/1269 2538/1270 2539/1271 2540/1272
f 2541/1272 2542/1269 2543/1270 2544/1271
f 2537/1272 2540/1269 2542/1270 2541/1271
f 2540/1272 2539/1269 2543/1270 2542/1271
f 2539/1272 2538/1269 2544/1270 2543/1271
f 2538/1272 2537/1269 2541/1270 2544/1271
f 2545/1273 2546/1274 2547/1275 2548/1276
f 2549/1276 2550/1273 2551/1274 2552/1275
f 2545/1276 2548/1273 2550/1274 2549/1275
f 2548/1276 2547/1273 2551/1274 2550/1275
f 2547/1276 2546/1273 2552/1274 2551/1275
f 2546/1276 2545/1273 2549/1274 2552/1275
f 2553/1277 2554/1278 2555/1279 2556/1280
f 2557/1280 2558/1277 2559/1278 2560/1279
f 2553/1280 2556/1277 2558/1278 2557/1279
f 2556/1280 2555/1277 2559/1278 2558/1279
f 2555/1280 2554/1277 2560/1278 2559/1279
f 2554/1280 2553/1277 2557/1278 2560/1279
f 2561/1281 2562/1282 2563/1283 2564/1284
f 2565/1284 2566/1281 2567/1282 2568/1283
f 2561/1284 2564/1281 2566/1282 2565/1283
f 2564/1284 2563/1281 2567/1282 2566/1283
f 2563/1284 2562/1281 2568/1282 2567/1283
f 2562/1284 2561/1281 2565/1282 2568/1283
f 2569/1285 2570/1286 2571/1287 2572/1288
f 2573/1288 2574/1285 2575/1286 2576/1287
f 2569/1288 2572/1285 2574/1286 2573/1287
f 2572/1288 2571/1285 2575/1286 2574/1287
f 2571/1288 2570/1285 2576/1286 2575/1287
f 2570/1288 2569/1285 2573/1286 2576/1287
f 2577/1289 2578/1290 2579/1291 2580/1292
f 2581/1292 2582/1289 2583/1290 2584/1291
f 2577/1292 2580/1289 2582/1290 2581/1291
f 2580/1292 2579/1289 2583/1290 2582/1291
f 2579/1292 2578/1289 2584/1290 2583/1291
f 2578/1292 2577/1289 2581/1290 2584/1291
f 2585/1293 2586/1294 2587/1295 2588/1296
f 2589/1296 2590/1293 2591/1294 2592/1295
f 2585/1296 2588/1293 2590/1294 2589/1295
f 2588/1296 2587/1293 2591/1294 2590/1295
f 2587/1296 2586/1293 2592/1294 2591/1295
f 2586/1296 2585/1293 2589/1294 2592/1295
f 2593/1297 2594/1298 2595/1299 2596/1300
f 2597/1300 2598/1297 2599/1298 2600/1299
f 2593/1300 2596/1297 2598/1298 2597/1299
f 2596/1300 2595/1297 2599/1298 2598/1299
f 2595/1300 2594/1297 2600/1298 2599/1299
f 2594/1300 2593/1297 2597/1298 2600/1299
f 2601/1301 2602/1302 2603/1303 2604/1304
f 2605/1304 2606/1301 2607/1302 2608/1303
f 2601/1304 2604/1301 2606/1302 2605/1303
f 2604/1304 2603/1301 2607/1302 2606/1303
f 2603/1304 2602/1301 2608/1302 2607/1303
f 2602/1304 2601/1301 2605/1302 2608/1303
f 2609/1305 2610/1306 2611/1307 2612/1308
f 2613/1308 2614/1305 2615/1306 2616/1307
f 2609/1308 2612/1305 2614/1306 2613/1307
f 2612/1308 2611/1305 2615/1306 2614/1307
f 2611/1308 2610/1305 2616/1306 2615/1307
f 2610/1308 2609/1305 2613/1306 2616/1307
f 2617/1309 2618/1310 2619/1311 2620/1312
f 2621/1312 2622/1309 2623/1310 2624/1311
f 2617/1312 2620/1309 2622/1310 2621/1311
f 2620/1312 2619/1309 2623/1310 2622/1311
f 2619/1312 2618/1309 2624/1310 2623/1311
f 2618/1312 2617/1309 2621/1310 2624/1311
f 2625/1313 2626/1314 2627/1315 2628/1316
f 2629/1316 2630/1313 2631/1314 2632/1315
f 2625/1316 2628/1313 2630/1314 2629/1315
f 2628/1316 2627/1313 2631/1314 2630/1315
f 2627/1316 2626/1313 2632/1314 2631/1315
f 2626/1316 2625/1313 2629/1314 2632/1315
f 2633/1317 2634/1318 2635/1319 2636/1320
f 2637/1320 2638/1317 2639/1318 2640/1319
f 2633/1320 2636/1317 2638/1318 2637/1319
f 2636/1320 2635/1317 2639/1318 2638/1319
f 2635/1320 2634/1317 2640/1318 2639/1319
f 2634/1320 2633/1317 2637/1318 2640/1319
f 2641/1321 2642/1322 2643/1323 2644/1324
f 2645/1324 2646/1321 2647/1322 2648/1323
f 2641/1324 2644/1321 2646/1322 2645/1323
f 2644/1324 2643/1321 2647/1322 2646/1323
f 2643/1324 2642/1321 2648/1322 2647/1323
f 2642/1324 2641/1321 2645/1322 2648/1323
f 2649/1325 2650/1326 2651/1327 2652/1328
f 2653/1328 2654/1325 2655/1326 2656/1327
f 2649/1328 2652/1325 2654/1326 2653/1327
f 2652/1328 2651/1325 2655/1326 2654/1327
f 2651/1328 2650/1325 2656/1326 2655/1327
f 2650/1328 2649/1325 2653/1326 2656/1327
f 2657/1329 2658/1330 2659/1331 2660/1332
f 2661/1332 2662/1329 2663/1330 2664/1331
f 2657/1332 2660/1329 2662/1330 2661/1331
f 2660/1332 2659/1329 2663/1330 2662/1331
f 2659/1332 2658/1329 2664/1330 2663/1331
f 2658/1332 2657/1329 2661/1330 2664/1331
f 2665/1333 2666/1334 2667/1335 2668/1336
f 2669/1336 2670/1333 2671/1334 2672/1335
f 2665/1336 2668/1333 2670/1334 2669/1335
f 2668/1336 2667/1333 2671/1334 2670/1335
f 2667/1336 2666/1333 2672/1334 2671/1335
f 2666/1336 2665/1333 2669/1334 2672/1335
f 2673/1337 2674/1338 2675/1339 2676/1340
f 2677/1340 2678/1337 2679/1338 2680/1339
f 2673/1340 2676/1337 2678/1338 2677/1339
f 2676/1340 2675/1337 2679/1338 2678/1339
f 2675/1340 2674/1337 2680/1338 2679/1339
f 2674/1340 2673/1337 2677/1338 2680/1339
f 2681/1341 2682/1342 2683/1343 2684/1344
f 2685/1344 2686/1341 2687/1342 2688/1343
f 2681/1344 2684/1341 2686/1342 2685/1343
f 2684/1344 2683/1341 2687/1342 2686/1343
f 2683/1344 2682/1341 2688/1342 2687/1343
f 2682/1344 2681/1341 2685/1342 2688/1343
f 2689/1345 2690/1346 2691/1347 2692/1348
f 2693/1348 2694/1345 2695/1346 2696/1347
f 2689/1348 2692/1345 2694/1346 2693/1347
f 2692/1348 2691/1345 2695/1346 2694/1347
f 2691/1348 2690/1345 2696/1346 2695/1347
f 2690/1348 2689/1345 2693/1346 2696/1347
f 2697/1349 2698/1350 2699/1351 2700/1352
f 2701/1352 2702/1349 2703/1350 2704/1351
f 2697/1352 2700/1349 2702/1350 2701/1351
f 2700/1352 2699/1349 2703/1350 2702/1351
f 2699/1352 2698/1349 2704/1350 2703/1351
f 2698/1352 2697/1349 2701/1350 2704/1351
f 2705/1353 2706/1354 2707/1355 2708/1356
f 2709/1356 2710/1353 2711/1354 2712/1355
f 2705/1356 2708/1353 2710/1354 2709/1355
f 2708/1356 2707/1353 2711/1354 2710/1355
f 2707/1356 2706/1353 2712/1354 2711/1355
f 2706/1356 2705/1353 2709/1354 2712/1355
f 2713/1357 2714/1358 2715/1359 2716/1360
f 2717/1360 2718/1357 2719/1358 2720/1359
f 2713/1360 2716/1357 2718/1358 2717/1359
f 2716/1360 2715/1357 2719/1358 2718/1359
f 2715/1360 2714/1357 2720/1358 2719/1359
f 2714/1360 2713/1357 2717/1358 2720/1359
f 2721/1361 2722/1362 2723/1363 2724/1364
f 2725/1364 2726/1361 2727/1362 2728/1363
f 2721/1364 2724/1361 2726/1362 2725/1363
f 2724/1364 2723/1361 2727/1362 2726/1363
f 2723/1364 2722/1361 2728/1362 2727/1363
f 2722/1364 2721/1361 2725/1362 2728/1363
f 2729/1365 2730/1366 2731/1367 2732/1368
f 2733/1368 2734/1365 2735/1366 2736/1367
f 2729/1368 2732/1365 2734/1366 2733/1367
f 2732/1368 2731/1365 2735/1366 2734/1367
f 2731/1368 2730/1365 2736/1366 2735/1367
f 2730/1368 2729/1365 2733/1366 2736/1367
f 2737/1369 2738/1370 2739/1371 2740/1372
f 2741/1372 2742/1369 2743/1370 2744/1371
f 2737/1372 2740/1369 2742/1370 2741/1371
f 2740/1372 2739/1369 2743/1370 2742/1371
f 2739/1372 2738/1369 2744/1370 2743/1371
f 2738/1372 2737/1369 2741/1370 2744/1371
f 2745/1373 2746/1374 2747/1375 2748/1376
f 2749/1376 2750/1373 2751/1374 2752/1375
f 2745/1376 2748/1373 2750/1374 2749/1375
f 2748/1376 2747/1373 2751/1374 2750/1375
f 2747/1376 2746/1373 2752/1374 2751/1375
f 2746/1376 2745/1373 2749/1374 2752/1375
f 2753/1377 2754/1378 2755/1379 2756/1380
f 2757/1380 2758/1377 2759/1378 2760/1379
f 2753/1380 2756/1377 2758/1378 2757/1379
f 2756/1380 2755/1377 2759/1378 2758/1379
f 2755/1380 2754/1377 2760/1378 2759/1379
f 2754/1380 2753/1377 2757/1378 2760/1379
f 2761/1381 2762/1382 2763/1383 2764/1384
f 2765/1384 2766/1381 2767/1382 2768/1383
f 2761/1384 2764/1381 2766/1382 2765/1383
f 2764/1384 2763/1381 2767/1382 2766/1383
f 2763/1384 2762/1381 2768/1382 2767/1383
f 2762/1384 2761/1381 2765/1382 2768/1383
f 2769/1385 2770/1386 2771/1387 2772/1388
f 2773/1388 2774/1385 2775/1386 2776/1387
f 2769/1388 2772/1385 2774/1386 2773/1387
f 2772/1388 2771/1385 2775/1386 2774/1387
f 2771/1388 2770/1385 2776/1386 2775/1387
f 2770/1388 2769/1385 2773/1386 2776/1387
f 2777/1389 2778/1390 2779/1391 2780/1392
f 2781/1392 2782/1389 2783/1390 2784/1391
f 2777/1392 2780/1389 2782/1390 2781/1391
f 2780/1392 2779/1389 2783/1390 2782/1391
f 2779/1392 2778/1389 2784/1390 2783/1391
f 2778/1392 2777/1389 2781/1390 2784/1391
f 2785/1393 2786/1394 2787/1395 2788/1396
f 2789/1396 2790/1393 2791/1394 2792/1395
f 2785/1396 2788/1393 2790/1394 2789/1395
f 2788/1396 2787/1393 2791/1394 2790/1395
f 2787/1396 2786/1393 2792/1394 2791/1395
f 2786/1396 2785/1393 2789/1394 2792/1395
f 2793/1397 2794/1398 2795/1399 2796/1400
f 2797/1400 2798/1397 2799/1398 2800/1399
f 2793/1400 2796/1397 2798/1398 2797/1399
f 2796/1400 2795/1397 2799/1398 2798/1399
f 2795/1400 2794/1397 2800/1398 2799/1399
f 2794/1400 2793/1397 2797/1398 2800/1399
f 2801/1401 2802/1402 2803/1403 2804/1404
f 2805/1404 2806/1401 2807/1402 2808/1403
f 2801/1404 2804/1401 2806/1402 2805/1403
f 2804/1404 2803/1401 2807/1402 2806/1403
f 2803/1404 2802/1401 2808/1402 2807/1403
f 2802/1404 2801/1401 2805/1402 2808/1403
f 2809/1405 2810/1406 2811/1407 2812/1408
f 2813/1408 2814/1405 2815/1406 2816/1407
f 2809/1408 2812/1405 2814/1406 2813/1407
f 2812/1408 2811/1405 2815/1406 2814/1407
f 2811/1408 2810/1405 2816/1406 2815/1407
f 2810/1408 2809/1405 2813/1406 2816/1407
f 2817/1409 2818/1410 2819/1411 2820/1412
f 2821/1412 2822/1409 2823/1410 2824/1411
f 2817/1412 2820/1409 2822/1410 2821/1411
f 2820/1412 2819/1409 2823/1410 2822/1411
f 2819/1412 2818/1409 2824/1410 2823/1411
f 2818/1412 2817/1409 2821/1410 2824/1411
f 2825/1413 2826/1414 2827/1415 2828/1416
f 2829/1416 2830/1413 2831/1414 2832/1415
f 2825/1416 2828/1413 2830/1414 2829/1415
f 2828/1416 2827/1413 2831/1414 2830/1415
f 2827/1416 2826/1413 2832/1414 2831/1415
f 2826/1416 2825/1413 2829/1414 2832/1415
f 2833/1417 2834/1418 2835/1419 2836/1420
f 2837/1420 2838/1417 2839/1418 2840/1419
f 2833/1420 2836/1417 2838/1418 2837/1419
f 2836/1420 2835/1417 2839/1418 2838/1419
f 2835/1420 2834/1417 2840/1418 2839/1419
f 2834/1420 2833/1417 2837/1418 2840/1419
f 2841/1421 2842/1422 2843/1423 2844/1424
f 2845/1424 2846/1421 2847/1422 2848/1423
f 2841/1424 2844/1421 2846/1422 2845/1423
f 2844/1424 2843/1421 2847/1422 2846/1423
f 2843/1424 2842/1421 2848/1422 2847/1423
f 2842/1424 2841/1421 2845/1422 2848/1423
f 2849/1425 2850/1426 2851/1427 2852/1428
f 2853/1428 2854/1425 2855/1426 2856/1427
f 2849/1428 2852/1425 2854/1426 2853/1427
f 2852/1428 2851/1425 2855/1426 2854/1427
f 2851/1428 2850/1425 2856/1426 2855/1427
f 2850/1428 2849/1425 2853/1426 2856/1427
f 2857/1429 2858/1430 2859/1431 2860/1432
f 2861/1432 2862/1429 2863/1430 2864/1431
f 2857/1432 2860/1429 2862/1430 2861/1431
f 2860/1432 2859/1429 2863/1430 2862/1431
f 2859/1432 2858/1429 2864/1430 2863/1431
f 2858/1432 2857/1429 2861/1430 2864/1431
f 2865/1433 2866/1434 2867/1435 2868/1436
f 2869/1436 2870/1433 2871/1434 2872/1435
f 2865/1436 2868/1433 2870/1434 2869/1435
f 2868/1436 2867/1433 2871/1434 2870/1435
f 2867/1436 2866/1433 2872/1434 2871/1435
f 2866/1436 2865/1433 2869/1434 2872/1435
f 2873/1437 2874/1438 2875/1439 2876/1440
f 2877/1440 2878/1437 2879/1438 2880/1439
f 2873/1440 2876/1437 2878/1438 2877/1439
f 2876/1440 2875/1437 2879/1438 2878/1439
f 2875/1440 2874/1437 2880/1438 2879/1439
f 2874/1440 2873/1437 2877/1438 2880/1439
f 2881/1441 2882/1442 2883/1443 2884/1444
f 2885/1444 2886/1441 2887/1442 2888/1443
f 2881/1444 2884/1441 2886/1442 2885/1443
f 2884/1444 2883/1441 2887/1442 2886/1443
f 2883/1444 2882/1441 2888/1442 2887/1443
f 2882/1444 2881/1441 2885/1442 2888/1443
f 2889/1445 2890/1446 2891/1447 2892/1448
f 2893/1448 2894/1445 2895/1446 2896/1447
f 2889/1448 2892/1445 2894/1446 2893/1447
f 2892/1448 2891/1445 2895/1446 2894/1447
f 2891/1448 2890/1445 2896/1446 2895/1447
f 2890/1448 2889/1445 2893/1446 2896/1447
f 2897/1449 2898/1450 2899/1451 2900/1452
f 2901/1452 2902/1449 2903/1450 2904/1451
f 2897/1452 2900/1449 2902/1450 2901/1451
f 2900/1452 2899/1449 2903/1450 2902/1451
f 2899/1452 2898/1449 2904/1450 2903/1451
f 2898/1452 2897/1449 2901/1450 2904/1451
f 2905/1453 2906/1454 2907/1455 2908/1456
f 2909/1456 2910/1453 2911/1454 2912/1455
f 2905/1456 2908/1453 2910/1454 2909/1455
f 2908/1456 2907/1453 2911/1454 2910/1455
f 2907/1456 2906/1453 2912/1454 2911/1455
f 2906/1456 2905/1453 2909/1454 2912/1455
f 2913/1457 2914/1458 2915/1459 2916/1460
f 2917/1460 2918/1457 2919/1458 2920/1459
f 2913/1460 2916/1457 2918/1458 2917/1459
f 2916/1460 2915/1457 2919/1458 2918/1459
f 2915/1460 2914/1457 2920/1458 2919/1459
f 2914/1460 2913/1457 2917/1458 2920/1459
f 2921/1461 2922/1462 2923/1463 2924/1464
f 2925/1464 2926/1461 2927/1462 2928/1463
f 2921/1464 2924/1461 2926/1462 2925/1463
f 2924/1464 2923/1461 2927/1462 2926/1463
f 2923/1464 2922/1461 2928/1462 2927/1463
f 2922/1464 2921/1461 2925/1462 2928/1463
f 2929/1465 2930/1466 2931/1467 2932/1468
f 2933/1468 2934/1465 2935/1466 2936/1467
f 2929/1468 2932/1465 2934/1466 2933/1467
f 2932/1468 2931/1465 2935/1466 2934/1467
f 2931/1468 2930/1465 2936/1466 2935/1467
f 2930/1468 2929/1465 2933/1466 2936/1467
f 2937/1469 2938/1470 2939/1471 2940/1472
f 2941/1472 2942/1469 2943/1470 2944/1471
f 2937/1472 2940/1469 2942/1470 2941/1471
f 2940/1472 2939/1469 2943/1470 2942/1471
f 2939/1472 2938/1469 2944/1470 2943/1471
f 2938/1472 2937/1469 2941/1470 2944/1471
f 2945/1473 2946/1474 2947/1475 2948/1476
f 2949/1476 2950/1473 2951/1474 2952/1475
f 2945/1476 2948/1473 2950/1474 2949/1475
f 2948/1476 2947/1473 2951/1474 2950/1475
f 2947/1476 2946/1473 2952/1474 2951/1475
f 2946/1476 2945/1473 2949/1474 2952/1475
f 2953/1477 2954/1478 2955/1479 2956/1480
f 2957/1480 2958/1477 2959/1478 2960/1479
f 2953/1480 2956/1477 2958/1478 2957/1479
f 2956/1480 2955/1477 2959/1478 2958/1479
f 2955/1480 2954/1477 2960/1478 2959/1479
f 2954/1480 2953/1477 2957/1478 2960/1479
f 2961/1481 2962/1482 2963/1483 2964/1484
f 2965/1484 2966/1481 2967/1482 2968/1483
f 2961/1484 2964/1481 2966/1482 2965/1483
f 2964/1484 2963/1481 2967/1482 2966/1483
f 2963/1484 2962/1481 2968/1482 2967/1483
f 2962/1484 2961/1481 2965/1482 2968/1483
f 2969/1485 2970/1486 2971/1487 2972/1488
f 2973/1488 2974/1485 2975/1486 2976/1487
f 2969/1488 2972/1485 2974/1486 2973/1487
f 2972/1488 2971/1485 2975/1486 2974/1487
f 2971/1488 2970/1485 2976/1486 2975/1487
f 2970/1488 2969/1485 2973/1486 2976/1487
f 2977/1489 2978/1490 2979/1491 2980/1492
f 2981/1492 2982/1489 2983/1490 2984/1491
f 2977/1492 2980/1489 2982/1490 2981/1491
f 2980/1492 2979/1489 2983/1490 2982/1491
f 2979/1492 2978/1489 2984/1490 2983/1491
f 2978/1492 2977/1489 2981/1490 2984/1491
f 2985/1493 2986/1494 2987/1495 2988/1496
f 2989/1496 2990/1493 2991/1494 2992/1495
f 2985/1496 2988/1493 2990/1494 2989/1495
f 2988/1496 2987/1493 2991/1494 2990/1495
f 2987/1496 2986/1493 2992/1494 2991/1495
f 2986/1496 2985/1493 2989/1494 2992/1495
f 2993/1497 2994/1498 2995/1499 2996/1500
f 2997/1500 2998/1497 2999/1498 3000/1499
f 2993/1500 2996/1497 2998/1498 2997/1499
f 2996/1500 2995/1497 2999/1498 2998/1499
f 2995/1500 2994/1497 3000/1498 2999/1499
f 2994/1500 2993/1497 2997/1498 3000/1499
f 3001/1501 3002/1502 3003/1503 3004/1504
f 3005/1504 3006/1501 3007/1502 3008/1503
f 3001/1504 3004/1501 3006/1502 3005/1503
f 3004/1504 3003/1501 3007/1502 3006/1503
f 3003/1504 3002/1501 3008/1502 3007/1503
f 3002/1504 3001/1501 3005/1502 3008/1503
f 3009/1505 3010/1506 3011/1507 3012/1508
f 3013/1508 3014/1505 3015/1506 3016/1507
f 3009/1508 3012/1505 3014/1506 3013/1507
f 3012/1508 3011/1505 3015/1506 3014/1507
f 3011/1508 3010/1505 3016/1506 3015/1507
f 3010/1508 3009/1505 3013/1506 3016/1507
f 3017/1509 3018/1510 3019/1511 3020/1512
f 3021/1512 3022/1509 3023/1510 3024/1511
f 3017/1512 3020/1509 3022/1510 3021/1511
f 3020/1512 3019/1509 3023/1510 3022/1511
f 3019/1512 3018/1509 3024/1510 3023/1511
f 3018/1512 3017/1509 3021/1510 3024/1511
f 3025/1513 3026/1514 3027/1515 3028/1516
f 3029/1516 3030/1513 3031/1514 3032/1515
f 3025/1516 3028/1513 3030/1514 3029/1515
f 3028/1516 3027/1513 3031/1514 3030/1515
f 3027/1516 3026/1513 3032/1514 3031/1515
f 3026/1516 3025/1513 3029/1514 3032/1515
f 3033/1517 3034/1518 3035/1519 3036/1520
f 3037/1520 3038/1517 3039/1518 3040/1519
f 3033/1520 3036/1517 3038/1518 3037/1519
f 3036/1520 3035/1517 3039/1518 3038/1519
f 3035/1520 3034/1517 3040/1518 3039/1519
f 3034/1520 3033/1517 3037/1518 3040/1519
f 3041/1521 3042/1522 3043/1523 3044/1524
f 3045/1524 3046/1521 3047/1522 3048/1523
f 3041/1524 3044/1521 3046/1522 3045/1523
f 3044/1524 3043/1521 3047/1522 3046/1523
f 3043/1524 3042/1521 3048/1522 3047/1523
f 3042/1524 3041/1521 3045/1522 3048/1523
f 3049/1525 3050/1526 3051/1527 3052/1528
f 3053/1528 3054/1525 3055/1526 3056/1527
f 3049/1528 3052/1525 3054/1526 3053/1527
f 3052/1528 3051/1525 3055/1526 3054/1527
f 3051/1528 3050/1525 3056/1526 3055/1527
f 3050/1528 3049/1525 3053/1526 3056/1527
f 3057/1529 3058/1530 3059/1531 3060/1532
f 3061/1532 3062/1529 3063/1530 3064/1531
f 3057/1532 3060/1529 3062/1530 3061/1531
f 3060/1532 3059/1529 3063/1530 3062/1531
f 3059/1532 3058/1529 3064/1530 3063/1531
f 3058/1532 3057/1529 3061/1530 3064/1531
f 3065/1533 3066/1534 3067/1535 3068/1536
f 3069/1536 3070/1533 3071/1534 3072/1535
f 3065/1536 3068/1533 3070/1534 3069/1535
f 3068/1536 3067/1533 3071/1534 3070/1535
f 3067/1536 3066/1533 3072/1534 3071/1535
f 3066/1536 3065/1533 3069/1534 3072/1535
f 3073/1537 3074/1538 3075/1539 3076/1540
f 3077/1540 3078/1537 3079/1538 3080/1539
f 3073/1540 3076/1537 3078/1538 3077/1539
f 3076/1540 3075/1537 3079/1538 3078/1539
f 3075/1540 3074/1537 3080/1538 3079/1539
f 3074/1540 3073/1537 3077/1538 3080/1539
f 3081/1541 3082/1542 3083/1543 3084/1544
f 3085/1544 3086/1541 3087/1542 3088/1543
f 3081/1544 3084/1541 3086/1542 3085/1543
f 3084/1544 3083/1541 3087/1542 3086/1543
f 3083/1544 3082/1541 3088/1542 3087/1543
f 3082/1544 3081/1541 3085/1542 3088/1543
f 3089/1545 3090/1546 3091/1547 3092/1548
f 3093/1548 3094/1545 3095/1546 3096/1547
f 3089/1548 3092/1545 3094/1546 3093/1547
f 3092/1548 3091/1545 3095/1546 3094/1547
f 3091/1548 3090/1545 3096/1546 3095/1547
f 3090/1548 3089/1545 3093/1546 3096/1547
f 3097/1549 3098/1550 3099/1551 3100/1552
f 3101/1552 3102/1549 3103/1550 3104/1551
f 3097/1552 3100/1549 3102/1550 3101/1551
f 3100/1552 3099/1549 3103/1550 3102/1551
f 3099/1552 3098/1549 3104/1550 3103/1551
f 3098/1552 3097/1549 3101/1550 3104/1551
f 3105/1553 3106/1554 3107/1555 3108/1556
f 3109/1556 3110/1553 3111/1554 3112/1555
f 3105/1556 3108/1553 3110/1554 3109/1555
f 3108/1556 3107/1553 3111/1554 3110/1555
f 3107/1556 3106/1553 3112/1554 3111/1555
f 3106/1556 3105/1553 3109/1554 3112/1555
f 3113/1557 3114/1558 3115/1559 3116/1560
f 3117/1560 3118/1557 3119/1558 3120/1559
f 3113/1560 3116/1557 3118/1558 3117/1559
f 3116/1560 3115/1557 3119/1558 3118/1559
f 3115/1560 3114/1557 3120/1558 3119/1559
f 3114/1560 3113/1557 3117/1558 3120/1559
f 3121/1561 3122/1562 3123/1563 3124/1564
f 3125/1564 3126/1561 3127/1562 3128/1563
f 3121/1564 3124/1561 3126/1562 3125/1563
f 3124/1564 3123/1561 3127/1562 3126/1563
f 3123/1564 3122/1561 3128/1562 3127/1563
f 3122/1564 3121/1561 3125/1562 3128/1563
f 3129/1565 3130/1566 3131/1567 3132/1568
f 3133/1568 3134/1565 3135/1566 3136/1567
f 3129/1568 3132/1565 3134/1566 3133/1567
f 3132/1568 3131/1565 3135/1566 3134/1567
f 3131/1568 3130/1565 3136/1566 3135/1567
f 3130/1568 3129/1565 3133/1566 3136/1567
f 3137/1569 3138/1570 3139/1571 3140/1572
f 3141/1572 3142/1569 3143/1570 3144/1571
f 3137/1572 3140/1569 3142/1570 3141/1571
f 3140/1572 3139/1569 3143/1570 3142/1571
f 3139/1572 3138/1569 3144/1570 3143/1571
f 3138/1572 3137/1569 3141/1570 3144/1571
f 3145/1573 3146/1574 3147/1575 3148/1576
f 3149/1576 3150/1573 3151/1574 3152/1575
f 3145/1576 3148/1573 3150/1574 3149/1575
f 3148/1576 3147/1573 3151/1574 3150/1575
f 3147/1576 3146/1573 3152/1574 3151/1575
f 3146/1576 3145/1573 3149/1574 3152/1575
f 3153/1577 3154/1578 3155/1579 3156/1580
f 3157/1580 3158/1577 3159/1578 3160/1579
f 3153/1580 3156/1577 3158/1578 3157/1579
f 3156/1580 3155/1577 3159/1578 3158/1579
f 3155/1580 3154/1577 3160/1578 3159/1579
f 3154/1580 3153/1577 3157/1578 3160/1579
f 3161/1581 3162/1582 3163/1583 3164/1584
f 3165/1584 3166/1581 3167/1582 3168/1583
f 3161/1584 3164/1581 3166/1582 3165/1583
f 3164/1584 3163/1581 3167/1582 3166/1583
f 3163/1584 3162/1581 3168/1582 3167/1583
f 3162/1584 3161/1581 3165/1582 3168/1583
f 3169/1585 3170/1586 3171/1587 3172/1588
f 3173/1588 3174/1585 3175/1586 3176/1587
f 3169/1588 3172/1585 3174/1586 3173/1587
f 3172/1588 3171/1585 3175/1586 3174/1587
f 3171/1588 3170/1585 3176/1586 3175/1587
f 3170/1588 3169/1585 3173/1586 3176/1587
f 3177/1589 3178/1590 3179/1591 3180/1592
f 3181/1592 3182/1589 3183/1590 3184/1591
f 3177/1592 3180/1589 3182/1590 3181/1591
f 3180/1592 3179/1589 3183/1590 3182/1591
f 3179/1592 3178/1589 3184/1590 3183/1591
f 3178/1592 3177/1589 3181/1590 3184/1591
f 3185/1593 3186/1594 3187/1595 3188/1596
f 3189/1596 3190/1593 3191/1594 3192/1595
f 3185/1596 3188/1593 3190/1594 3189/1595
f 3188/1596 3187/1593 3191/1594 3190/1595
f 3187/1596 3186/1593 3192/1594 3191/1595
f 3186/1596 3185/1593 3189/1594 3192/1595
f 3193/1597 3194/1598 3195/1599 3196/1600
f 3197/1600 3198/1597 3199/1598 3200/1599
f 3193/1600 3196/1597 3198/1598 3197/1599
f 3196/1600 3195/1597 3199/1598 3198/1599
f 3195/1600 3194/1597 3200/1598 3199/1599
f 3194/1600 3193/1597 3197/1598 3200/1599
